transferor_loan_number,fnma_loan_number,min,mers_eligible,remittance_type,upb,scheduled_upb,next_due_date,note_rate_pct,pi_payment,escrow_payment,maturity_date,original_term_months,original_upb,instrument_date,origination_date,first_payment_date,interest_method,amortization,arm_index,arm_margin_bps,arm_initial_cap_bps,arm_periodic_cap_bps,arm_lifetime_cap_bps,arm_lookback_days,arm_next_change_date,escrowed,escrow_balance,late_charge_pct,late_charge_grace_days,deferred_principal,forborne_principal,nib_separated,bk_active,fc_active,lm_in_process,scra_active,scra_rate_cap_reason,borrower_name,borrower_tin,borrower_phone,borrower_email,borrower_language,coborrower_name,property_address1,property_city,property_state,property_zip,occupancy,custodian,custody_certification_status,enote_evault_ref,tax_parcel_verified,hazard_policy_expires,mi_flag,mi_certificate_number,flood_determination_life_of_loan,sii_present,sii_complete,unapplied_funds,fair_lending_present,acp_enrolled,fees_advances,fees_itemized,corporate_advances,late_charges_due,mers_investor_is_fnma,last_principal_applied
TR-0000001,4100000007,100045600000000010,Y,A/A,334084.09,,2026-09-01,3.750,4778.94,948.50,2033-03-01,180,657150.00,2018-02-03,2018-02-03,2018-04-01,30_360,fixed,,,,,,,,Y,950.04,4,15,0.00,0.00,Y,N,N,N,N,,Grace Kim,000-67-8422,+18555557678,grace.kim1@example.test,en,Jennifer Kim,8094 Prairie Dr,Tucson,AZ,85701,owner_occupied,Bank Custodian NA,certified,,Y,2026-11-20,N,,Y,N,Y,0.00,N,N,0.00,Y,0.00,0.00,Y,
TR-0000002,4100000014,100045600000000028,Y,A/A,110102.70,,2026-09-01,4.125,614.29,417.75,2049-11-01,360,126750.00,2019-10-04,2019-10-04,2019-12-01,30_360,fixed,,,,,,,,Y,1295.01,5,15,0.00,0.00,Y,N,N,N,N,,Maria Reyes,000-10-3837,+18665553716,maria.reyes2@example.test,es,Linda Reyes,4996 Sunset Blvd,Phoenix,AZ,85004,owner_occupied,Bank Custodian NA,certified,,Y,2026-12-18,N,,Y,N,Y,0.00,N,N,0.00,Y,0.00,0.00,Y,
TR-0000003,4100000021,100045600000000036,Y,A/A,604406.87,,2026-09-01,3.125,2880.40,749.42,2051-12-01,360,672400.00,2021-11-24,2021-11-24,2022-01-01,30_360,fixed,,,,,,,,Y,816.27,5,15,0.00,0.00,Y,N,N,N,N,,Samuel Brown,000-93-3458,,,es,Aisha Brown,6290 Prairie Dr,Columbus,OH,43215,owner_occupied,Bank Custodian NA,certified,,Y,2027-02-20,N,,Y,N,Y,0.00,N,N,0.00,Y,0.00,0.00,Y,
TR-0000004,4100000028,100045600000000044,Y,A/A,762354.88,,2026-09-01,3.750,4265.99,2373.83,2048-06-01,360,921150.00,2018-05-17,2018-05-17,2018-07-01,30_360,fixed,,,,,,,,Y,11919.25,4,15,0.00,0.00,Y,N,N,N,N,,Priya Wilson,000-20-1558,+13245555076,,en,Grace Wilson,3258 Oak St,San Antonio,TX,78205,owner_occupied,Bank Custodian NA,certified,,Y,2027-08-16,Y,MI-643338,Y,N,Y,0.00,Y,N,0.00,Y,0.00,0.00,Y,
TR-0000005,4100000035,,Y,A/A,510650.59,,2026-09-01,4.875,3286.91,1186.50,2047-02-01,360,621100.00,2017-01-16,2017-01-16,2017-03-01,30_360,fixed,,,,,,,,Y,4749.45,4,15,0.00,0.00,Y,N,N,N,N,,Carlos Ali,000-55-9735,+14415551871,carlos.ali5@example.test,en,Marcus Ali,3555 Meadow Ln,Orlando,FL,32801,owner_occupied,Bank Custodian NA,certified,,Y,2027-03-18,N,,Y,N,Y,0.00,Y,N,0.00,Y,0.00,0.00,,1212.39
TR-0000006,4100000042,,Y,A/A,63213.07,,2026-09-01,4.125,1550.49,757.17,2030-04-01,180,207850.00,2015-03-06,2015-03-06,2015-05-01,30_360,fixed,,,,,,,,Y,1557.47,5,15,0.00,0.00,Y,N,N,N,N,,Grace Thomas,000-65-9999,+12215553214,grace.thomas6@example.test,en,,333 Pine St,Naperville,IL,60540,owner_occupied,Bank Custodian NA,certified,,Y,2027-03-12,N,,Y,N,Y,0.00,Y,N,0.00,Y,0.00,0.00,,
TR-0000007,4100000049,100045600000000077,Y,A/A,447319.67,,2026-09-01,4.000,2646.79,1750.58,2047-05-01,360,554400.00,2017-04-22,2017-04-22,2017-06-01,30_360,fixed,,,,,,,,Y,1772.93,4,15,0.00,0.00,Y,N,N,N,N,,Sofia Jackson,000-60-5559,+16045559330,sofia.jackson7@example.test,es,,6711 Prairie Dr,Peoria,IL,61602,owner_occupied,Bank Custodian NA,certified,,Y,2027-04-21,N,,Y,N,Y,0.00,N,N,0.00,Y,0.00,0.00,Y,
TR-0000008,4100000056,100045600000000085,Y,A/A,96719.56,,2026-09-01,6.250,930.73,246.42,2039-02-01,180,108550.00,2024-01-23,2024-01-23,2024-03-01,30_360,fixed,,,,,,,,Y,1078.44,5,15,0.00,0.00,Y,N,N,N,N,,Chloe Kim,000-14-1492,+18945553632,,en,,4599 Elm Dr,Sacramento,CA,95814,owner_occupied,Bank Custodian NA,certified,,Y,2027-02-20,N,,Y,N,Y,0.00,N,N,0.00,Y,0.00,0.00,Y,
TR-0000009,4100000063,100045600000000093,Y,A/A,562750.20,,2026-09-01,6.875,5749.78,1277.58,2038-08-01,180,644700.00,2023-07-21,2023-07-21,2023-09-01,30_360,fixed,,,,,,,,Y,5196.12,4,15,0.00,0.00,Y,N,N,N,N,,Grace Brown,000-86-9990,+16125557554,grace.brown9@example.test,en,,9768 Maple Ave,Orlando,FL,32801,owner_occupied,Bank Custodian NA,certified,,N,2027-01-17,N,,Y,N,Y,0.00,Y,N,0.00,Y,0.00,0.00,Y,
TR-0000010,4100000070,100045600000000101,Y,A/A,64269.00,,2026-09-01,5.000,1115.81,223.17,2032-02-01,180,141100.00,2017-01-21,2017-01-21,2017-03-01,30_360,fixed,,,,,,,,Y,737.10,4,15,0.00,0.00,Y,N,N,N,N,,Carlos Singh,000-23-1329,+13455559716,carlos.singh10@example.test,en,,9678 Sunset Blvd,Cincinnati,OH,45202,owner_occupied,Bank Custodian NA,certified,,Y,2027-07-24,N,,Y,N,Y,0.00,N,N,441.52,Y,0.00,0.00,Y,848.02
TR-0000011,4100000077,100045600000000119,Y,A/A,192256.76,,2026-09-01,6.125,1184.84,430.67,2055-06-01,360,195000.00,2025-05-13,2025-05-13,2025-07-01,30_360,fixed,,,,,,,,Y,82.22,5,15,0.00,0.00,Y,N,N,N,N,,David Williams,000-50-7162,+16855558398,david.williams11@example.test,en,Ahmed Williams,6776 Elm Dr,Aurora,CO,80012,owner_occupied,Bank Custodian NA,certified,,Y,2026-10-19,Y,MI-319838,Y,N,Y,0.00,Y,N,0.00,Y,0.00,0.00,Y,
TR-0000012,4100000084,100045600000000127,Y,S/A,566993.20,,2026-09-01,4.750,3347.41,0.00,2050-01-01,360,641700.00,2019-12-22,2019-12-22,2020-02-01,actual_365,fixed,,,,,,,,N,0.00,5,15,0.00,0.00,Y,N,N,N,N,,Michael Singh,000-11-2984,+13455557936,,,,8581 Birch Rd,Dallas,TX,75201,second_home,Bank Custodian NA,certified,,Y,2027-03-06,N,,Y,N,Y,0.00,Y,N,0.00,Y,0.00,0.00,Y,
TR-0000013,4100000091,100045600000000136,Y,S/A,330875.75,,2026-09-01,4.250,2054.34,0.00,2046-07-01,360,417600.00,2016-06-15,2016-06-15,2016-08-01,30_360,fixed,,,,,,,,N,0.00,5,15,0.00,0.00,Y,N,N,N,N,,Patricia Flores,000-15-1086,+18335557277,,en,,7050 Lakeview Rd,Sacramento,CA,95814,owner_occupied,Bank Custodian NA,certified,,Y,2027-07-22,N,,Y,N,Y,0.00,N,N,0.00,Y,0.00,0.00,,
TR-0000014,4100000098,100045600000000143,Y,S/A,355512.37,,2026-09-01,3.375,1806.85,620.50,2050-07-01,360,408700.00,2020-06-20,2020-06-20,2020-08-01,30_360,fixed,,,,,,,,Y,3159.45,4,15,0.00,0.00,Y,N,N,N,N,,Robert Nguyen,000-75-7987,+18775557395,robert.nguyen14@example.test,en,,9182 Cedar Ln,Columbus,OH,43215,owner_occupied,Bank Custodian NA,certified,,Y,2026-11-06,N,,Y,N,Y,0.00,N,N,0.00,Y,0.00,0.00,Y,
TR-0000015,4100000105,,N,S/A,254762.40,,2026-09-01,5.125,2500.80,702.50,2037-10-01,180,313650.00,2022-09-19,2022-09-19,2022-11-01,30_360,fixed,,,,,,,,Y,2817.33,4,15,0.00,0.00,Y,N,N,N,N,,Sofia Anderson,000-61-4741,+12675558092,sofia.anderson15@example.test,en,Luis Anderson,7718 Summit Ave,Albany,NY,12207,owner_occupied,Bank Custodian NA,certified,,Y,2027-07-05,N,,Y,N,Y,0.00,Y,N,0.00,Y,0.00,0.00,,1412.75
TR-0000016,4100000112,100045600000000168,Y,S/A,757795.41,,2026-09-01,7.250,5224.45,975.75,2055-07-01,360,765850.00,2025-06-22,2025-06-22,2025-08-01,30_360,fixed,,,,,,,,Y,1059.37,5,15,0.00,0.00,Y,N,N,N,N,,James Williams,000-85-9570,+16505559941,,en,,9241 Sunset Blvd,Tampa,FL,33602,owner_occupied,Bank Custodian NA,certified,,Y,2026-12-16,N,,Y,N,Y,0.00,Y,N,0.00,Y,0.00,0.00,Y,
TR-0000017,4100000119,100045600000000176,Y,S/S,155993.25,155993.25,2026-09-01,7.500,1102.66,468.25,2055-06-01,360,157700.00,2025-05-04,2025-05-04,2025-07-01,30_360,fixed,,,,,,,,Y,-468.25,4,15,0.00,0.00,Y,N,N,N,N,,Rosa Flores,000-27-6017,+15875558567,,en,Linda Flores,8947 Sunset Blvd,Cincinnati,OH,45202,owner_occupied,Bank Custodian NA,certified,,Y,2027-04-14,Y,MI-573432,Y,N,Y,0.00,Y,N,0.00,Y,0.00,0.00,Y,
TR-0000018,4100000126,100045600000000184,Y,S/S,352213.06,352213.06,2026-09-01,4.875,2335.13,707.08,2046-02-01,360,441250.00,2016-01-18,2016-01-18,2016-03-01,30_360,fixed,,,,,,,,Y,8.74,5,15,0.00,0.00,Y,N,N,N,N,,Maria Williams,000-37-3822,+18035555121,,en,Samuel Williams,2743 Oak St,Tucson,AZ,85701,owner_occupied,Bank Custodian NA,certified,,Y,2026-09-15,N,,Y,N,Y,0.00,Y,N,0.00,Y,0.00,0.00,Y,
TR-0000019,4100000133,100045600000000192,Y,S/S,243799.70,243799.70,2026-09-01,6.000,1492.88,502.58,2054-12-01,360,249000.00,2024-11-04,2024-11-04,2025-01-01,30_360,fixed,,,,,,,,Y,2058.63,5,15,0.00,0.00,Y,N,N,N,N,,Grace Singh,000-44-5249,+18365553851,,en,Aisha Singh,4016 Summit Ave,Spokane,WA,99201,owner_occupied,Bank Custodian NA,certified,,Y,2027-04-25,N,,Y,N,Y,96.88,Y,N,0.00,Y,0.00,0.00,Y,
TR-0000020,4100000140,100045600000000200,Y,A/A,534134.56,,2026-08-01,6.750,3564.37,892.58,2054-01-01,360,549550.00,2023-12-11,2023-12-11,2024-02-01,30_360,fixed,,,,,,,,Y,2757.57,5,15,0.00,0.00,Y,N,N,N,N,,Robert Brown,000-44-4407,+13925559364,robert.brown20@example.test,en,,8805 Summit Ave,Sacramento,CA,95814,owner_occupied,Bank Custodian NA,certified,,Y,2027-04-11,N,,Y,N,Y,0.00,Y,N,0.00,Y,0.00,178.21,Y,559.86
TR-0000021,4100000147,100045600000000218,Y,A/A,126368.76,,2026-09-01,4.750,787.95,373.58,2047-11-01,360,151050.00,2017-10-11,2017-10-11,2017-12-01,30_360,arm,SOFR_30D_AVG,,500,100,500,45,2028-05-01,Y,423.86,5,15,0.00,0.00,Y,N,N,N,N,,Thomas Harris,000-17-2298,+13545556664,thomas.harris21@example.test,en,,8261 Summit Ave,Rochester,NY,14604,owner_occupied,Bank Custodian NA,certified,,Y,2026-12-03,N,,Y,N,Y,155.99,N,N,0.00,Y,0.00,0.00,Y,
TR-0000022,4100000154,100045600000000226,Y,A/A,459355.70,,2026-07-01,7.375,3227.52,573.42,2054-09-01,360,467300.00,2024-08-08,2024-08-08,2024-10-01,30_360,fixed,,,,,,,,Y,71.91,5,15,0.00,0.00,Y,N,N,N,N,,Michael Brown,000-46-7391,+14245551362,michael.brown22@example.test,en,,2118 Lakeview Rd,Jacksonville,FL,32202,owner_occupied,Bank Custodian NA,certified,,Y,2026-11-02,N,,Y,N,Y,0.00,Y,N,0.00,Y,0.00,322.74,Y,
TR-0000023,4100000161,100045600000000234,Y,A/A,303769.16,,2026-09-01,4.125,1752.49,511.83,2048-08-01,360,361600.00,2018-07-26,2018-07-26,2018-09-01,30_360,fixed,,,,,,,,Y,14.16,5,15,0.00,0.00,Y,N,N,N,N,,Emily Jackson,000-66-1241,+13445559109,emily.jackson23@example.test,en,Jennifer Jackson,192 Oak St,Sacramento,CA,95814,owner_occupied,Bank Custodian NA,certified,,Y,2027-08-02,N,,Y,N,Y,0.00,Y,N,540.49,Y,0.00,0.00,Y,
TR-0000024,4100000168,100045600000000242,Y,A/A,215297.94,,2026-09-01,4.125,1196.12,625.67,2050-01-01,360,246800.00,2019-12-07,2019-12-07,2020-02-01,30_360,arm,SOFR_30D_AVG,275,200,100,500,45,2029-02-01,Y,2566.55,5,15,0.00,0.00,Y,N,N,N,N,,Hannah White,000-39-6263,+13165552255,hannah.white24@example.test,es,,2645 Lakeview Rd,Orlando,FL,32801,owner_occupied,Bank Custodian NA,certified,,Y,2027-07-27,N,,Y,N,Y,0.00,N,N,0.00,Y,0.00,0.00,Y,
TR-0000025,4100000175,100045600000000259,Y,A/A,257130.41,,2026-09-01,4.750,3118.72,0.00,2034-12-01,180,400950.00,2019-11-08,2019-11-08,2020-01-01,30_360,fixed,,,,,,,,N,0.00,5,15,0.00,0.00,Y,N,N,N,N,,Rosa Clark,000-92-9719,+16895554757,rosa.clark25@example.test,en,,6965 Maple Ave,Rochester,NY,14604,owner_occupied,Bank Custodian NA,certified,,Y,2027-04-03,Y,,Y,N,Y,0.00,N,N,0.00,Y,0.00,0.00,Y,2100.91
TR-0000026,4100000182,100045600000000267,Y,A/A,237942.18,,2026-09-01,4.750,3898.49,925.75,2032-06-01,180,501200.00,2017-05-20,2017-05-20,2017-07-01,30_360,fixed,,,,,,,,Y,4705.61,4,15,0.00,0.00,Y,N,N,N,N,,Kevin Garcia,000-24-3518,+13725552629,kevin.garcia26@example.test,en,Joseph Garcia,5291 Oak St,Tacoma,WA,98402,owner_occupied,Bank Custodian NA,certified,,Y,2027-05-19,N,,Y,N,Y,0.00,Y,N,0.00,Y,0.00,0.00,Y,
TR-0000027,4100000189,100045600000000275,Y,A/A,560687.22,,2026-09-01,6.125,5115.66,1138.67,2040-01-01,180,601400.00,2024-12-05,2024-12-05,2025-02-01,30_360,fixed,,,,,,,,Y,2358.88,5,15,0.00,0.00,Y,N,N,N,N,,Emily Jackson,000-58-9527,+18395553749,emily.jackson27@example.test,,,9111 Cedar Ln,Columbus,OH,43215,owner_occupied,Bank Custodian NA,certified,,Y,2026-12-07,N,,Y,N,Y,0.00,Y,N,0.00,Y,0.00,0.00,Y,
TR-0000028,4100000196,100045600000000283,Y,A/A,163816.79,,2026-09-01,4.500,1006.02,354.58,2047-08-01,360,198550.00,2017-07-17,2017-07-17,2017-09-01,30_360,arm,SOFR_30D_AVG,275,500,100,500,45,2027-09-01,Y,1805.28,4,15,0.00,0.00,Y,N,N,N,N,,Ana Torres,000-69-5400,+16505558652,ana.torres28@example.test,en,,7687 Prairie Dr,Spokane,WA,99201,owner_occupied,Bank Custodian NA,certified,,Y,2027-01-12,N,,Y,N,Y,0.00,Y,N,0.00,Y,0.00,0.00,Y,
TR-0000029,4100000203,100045600000000291,Y,A/A,261586.11,,2026-09-01,4.000,1607.22,933.50,2046-03-01,360,336650.00,2016-02-23,2016-02-23,2016-04-01,30_360,fixed,,,,,,,,Y,74.27,5,15,0.00,0.00,Y,N,N,N,N,,Rosa Smith,000-95-2542,+17935558660,rosa.smith29@example.test,en,,2942 Harbor Dr,Naperville,IL,60540,owner_occupied,Bank Custodian NA,certified,,Y,2027-06-20,Y,MI-114886,Y,N,Y,167.20,N,N,0.00,Y,0.00,0.00,Y,
TR-0000030,4100000210,100045600000000309,Y,A/A,249893.07,,2026-09-01,4.625,1585.86,1028.83,2046-11-01,360,308450.00,2016-10-19,2016-10-19,2016-12-01,30_360,fixed,,,,,,,,Y,15.07,5,15,0.00,0.00,Y,N,N,N,N,,Michael Wilson,000-16-2834,+19815558687,michael.wilson30@example.test,en,,6955 Meadow Ln,Naperville,IL,60540,owner_occupied,Bank Custodian NA,certified,,Y,2027-08-07,N,,N,N,Y,0.00,Y,N,493.46,Y,0.00,0.00,Y,622.73
TR-0000031,4100000217,100045600000000317,Y,A/A,382617.07,,2026-08-01,3.250,2760.54,903.17,2041-01-01,240,486700.00,2020-12-03,2020-12-03,2021-02-01,30_360,fixed,,,,,,,,Y,2753.70,5,15,0.00,0.00,Y,N,N,N,N,,William Jackson,000-36-9754,+12145551336,william.jackson31@example.test,en,,1880 Maple Ave,Spokane,WA,99201,owner_occupied,Bank Custodian NA,certified,,Y,2026-12-31,N,,Y,N,Y,0.00,N,N,0.00,Y,0.00,138.02,Y,
TR-0000032,4100000224,100045600000000325,Y,S/A,290760.91,,2026-09-01,7.000,2855.13,505.25,2039-07-01,180,317650.00,2024-06-18,2024-06-18,2024-08-01,30_360,fixed,,,,,,,,Y,30.97,4,15,0.00,0.00,Y,N,N,N,N,,James Chen,000-33-1109,+14685557860,james.chen32@example.test,en,Grace Chen,3330 Maple Ave,Charlotte,NC,28202,owner_occupied,Bank Custodian NA,certified,,Y,2027-01-15,N,,Y,N,Y,0.00,Y,N,0.00,Y,0.00,0.00,Y,
TR-0000033,4100000231,100045600000000333,Y,S/A,288325.36,,2026-09-01,5.500,1734.03,0.00,2052-10-01,360,305400.00,2022-09-06,2022-09-06,2022-11-01,30_360,arm,SOFR_30D_AVG,300,200,100,500,45,2028-07-01,N,0.00,5,15,0.00,0.00,Y,N,N,N,N,,Joseph Clark,000-69-9686,+17625551994,,en,,871 River Rd,San Antonio,TX,78205,second_home,Bank Custodian NA,certified,,Y,2027-06-02,N,,Y,N,Y,0.00,N,N,0.00,Y,0.00,0.00,Y,
TR-0000034,4100000238,100045600000000341,Y,S/A,559672.82,,2026-09-01,2.875,2605.94,984.25,2051-10-01,360,628100.00,2021-09-21,2021-09-21,2021-11-01,30_360,fixed,,,,,,,,Y,-984.25,4,15,0.00,0.00,Y,N,N,N,N,,Rosa Davis,000-44-9922,+17555558836,rosa.davis34@example.test,en,,6889 Birch Rd,Reno,NV,89501,owner_occupied,Bank Custodian NA,certified,,Y,2027-01-22,N,,Y,N,Y,0.00,Y,N,0.00,Y,0.00,0.00,Y,
TR-0000035,4100000245,100045600000000358,Y,S/A,579619.41,,2026-09-01,7.500,4114.18,975.92,2055-01-01,360,588400.00,2024-12-08,2024-12-08,2025-02-01,30_360,fixed,,,,,,,,Y,94.52,5,15,0.00,0.00,Y,N,N,N,N,,Linda Kim,000-82-9335,+15625556083,,en,Linda Kim,3591 Ridge Ct,Tacoma,WA,98402,owner_occupied,Bank Custodian NA,certified,,Y,2027-06-07,N,,Y,N,Y,0.00,Y,N,0.00,Y,0.00,0.00,Y,491.56
TR-0000036,4100000252,100045600000000366,Y,S/A,113913.23,,2026-07-01,3.875,715.23,396.42,2045-02-01,360,152100.00,2015-01-03,2015-01-03,2015-03-01,30_360,fixed,,,,,,,,Y,2055.66,4,15,0.00,0.00,Y,N,N,N,N,,Carlos Lopez,000-43-9680,+18335556464,,en,,5227 Ridge Ct,Riverside,CA,92501,owner_occupied,Bank Custodian NA,certified,,Y,2026-12-06,N,,Y,N,Y,0.00,N,N,0.00,Y,0.00,71.52,Y,
TR-0000037,4100000259,100045600000000374,Y,S/S,425542.04,425542.04,2026-09-01,3.000,2069.65,0.00,2050-09-01,360,490900.00,2020-08-15,2020-08-15,2020-10-01,actual_365,arm,SOFR_30D_AVG,300,200,100,500,45,2029-01-01,N,0.00,5,15,0.00,0.00,Y,N,N,N,N,,Maria Patel,000-36-5880,+13105553810,maria.patel37@example.test,en,,4110 Prairie Dr,San Antonio,TX,78205,owner_occupied,Bank Custodian NA,certified,,Y,2026-11-27,N,,Y,N,Y,0.00,N,N,0.00,Y,0.00,0.00,Y,
TR-0000038,4100000266,100045600000000382,Y,S/S,694441.53,694441.53,2026-09-01,6.875,4745.65,1370.08,2053-03-01,360,722400.00,2023-02-17,2023-02-17,2023-04-01,30_360,fixed,,,,,,,,Y,4175.01,5,15,0.00,0.00,Y,N,N,N,N,,Aisha Miller,000-61-5507,+17265556283,,en,,3572 Prairie Dr,Fresno,CA,93721,owner_occupied,Bank Custodian NA,certified,,Y,2027-02-05,Y,MI-482358,Y,N,Y,0.00,N,N,0.00,Y,0.00,0.00,Y,
TR-0000039,4100000273,100045600000000390,Y,S/S,630991.66,630991.66,2026-09-01,6.125,4006.28,862.33,2053-04-01,360,659350.00,2023-03-15,2023-03-15,2023-05-01,30_360,fixed,,,,,,,,Y,2665.74,5,15,0.00,0.00,Y,N,N,N,N,,Patricia Torres,000-75-7189,+16935559989,patricia.torres39@example.test,en,Aisha Torres,4830 Prairie Dr,Baltimore,MD,21202,owner_occupied,Bank Custodian NA,certified,,Y,2026-10-28,N,,Y,N,Y,0.00,Y,N,0.00,Y,0.00,0.00,Y,
TR-0000040,4100000280,100045600000000408,Y,A/A,583250.70,,2026-09-01,6.125,5279.40,965.92,2040-03-01,180,620650.00,2025-02-17,2025-02-17,2025-04-01,30_360,fixed,,,,,,,,Y,1039.69,5,15,18450.00,0.00,Y,N,N,N,N,,Emily Lopez,000-24-5128,+15395552921,emily.lopez40@example.test,en,,7669 Pine St,Tacoma,WA,98402,owner_occupied,Bank Custodian NA,pending,,Y,2027-06-15,N,,Y,N,Y,0.00,Y,N,0.00,Y,0.00,0.00,Y,2302.39
TR-0000041,4100000287,100045600000000416,Y,A/A,352453.53,,2026-09-01,2.875,3677.94,0.00,2035-09-01,180,537250.00,2020-08-25,2020-08-25,2020-10-01,actual_365,fixed,,,,,,,,N,0.00,5,15,9120.55,0.00,Y,N,N,N,N,,Rosa Garcia,000-45-2669,+18665554604,rosa.garcia41@example.test,en,Hannah Garcia,4234 Summit Ave,Jacksonville,FL,32202,owner_occupied,Bank Custodian NA,certified,,Y,2026-10-19,N,,Y,N,Y,0.00,N,N,0.00,Y,0.00,0.00,Y,
TR-0000042,4100000294,100045600000000424,Y,A/A,576501.26,,2026-09-01,6.375,4397.65,660.17,2045-05-01,240,595700.00,2025-04-03,2025-04-03,2025-06-01,30_360,fixed,,,,,,,,Y,1347.18,5,15,0.00,0.00,Y,N,N,Y,N,,Thomas Clark,000-74-9690,+19405557552,thomas.clark42@example.test,en,,4905 Lakeview Rd,Jacksonville,FL,32202,owner_occupied,Bank Custodian NA,certified,,Y,2026-12-28,N,,Y,N,Y,0.00,Y,N,173.62,Y,0.00,0.00,Y,
TR-0000043,4100000301,100045600000000432,Y,A/A,263652.56,,2026-09-01,4.500,1638.87,1118.58,2047-03-01,360,323450.00,2017-02-07,2017-02-07,2017-04-01,30_360,fixed,,,,,,,,Y,3441.69,5,15,0.00,22300.00,Y,N,N,N,N,,Michael Lopez,000-30-6879,+15785553013,,en,Linda Lopez,2062 Ridge Ct,Newark,NJ,07102,owner_occupied,Bank Custodian NA,certified,,Y,2026-10-17,N,,Y,N,Y,60.83,N,N,0.00,Y,0.00,0.00,Y,
TR-0000044,4100000308,100045600000000440,Y,A/A,568623.84,,2026-08-01,5.000,3548.12,0.00,2048-08-01,360,660950.00,2018-07-09,2018-07-09,2018-09-01,30_360,fixed,,,,,,,,N,0.00,5,15,0.00,0.00,Y,N,N,N,N,,Nguyen Lewis,000-81-7036,+17945553816,nguyen.lewis44@example.test,es,,6118 Harbor Dr,Spokane,WA,99201,owner_occupied,Bank Custodian NA,certified,,Y,2027-08-01,N,,Y,N,Y,0.00,Y,N,0.00,Y,0.00,177.40,Y,
TR-0000045,4100000315,100045600000000457,Y,A/A,393224.23,,2026-09-01,3.000,1852.32,570.42,2051-11-01,360,439350.00,2021-10-07,2021-10-07,2021-12-01,actual_365,fixed,,,,,,,,Y,1203.66,4,15,0.00,0.00,Y,N,N,N,N,,Thomas Williams,000-74-4663,+14445556238,thomas.williams45@example.test,en,,7704 Harbor Dr,Charlotte,NC,28202,owner_occupied,Bank Custodian NA,certified,,Y,2027-07-28,N,,Y,Y,N,0.00,N,N,0.00,Y,0.00,0.00,Y,869.26
TR-0000046,4100000322,100045600000000465,Y,A/A,140624.46,,2026-09-01,4.875,3230.52,832.42,2030-08-01,180,411900.00,2015-07-02,2015-07-02,2015-09-01,30_360,fixed,,,,,,,,Y,2526.20,5,15,0.00,0.00,Y,N,N,N,N,,David Singh,000-25-1221,+14435553319,david.singh46@example.test,en,,4449 River Rd,Orlando,FL,32801,owner_occupied,Bank Custodian NA,certified,,Y,2027-08-13,N,,Y,Y,Y,0.00,Y,N,0.00,Y,0.00,0.00,Y,
TR-0000047,4100000329,100045600000000473,Y,A/A,442797.77,,2026-09-01,3.000,2174.21,866.42,2050-05-01,360,515700.00,2020-04-18,2020-04-18,2020-06-01,30_360,fixed,,,,,,,,Y,2694.12,5,15,0.00,0.00,Y,N,N,N,N,,Sofia Smith,000-75-6856,+12775557427,sofia.smith47@example.test,en,,4763 Elm Dr,Jacksonville,FL,32202,owner_occupied,Bank Custodian NA,certified,,Y,2027-04-25,N,,Y,Y,Y,0.00,Y,N,0.00,Y,0.00,0.00,Y,
TR-0000048,4100000336,100045600000000481,Y,A/A,513889.76,,2026-09-01,4.000,3230.91,1192.50,2045-07-01,360,676750.00,2015-06-14,2015-06-14,2015-08-01,30_360,arm,SOFR_30D_AVG,300,200,100,500,45,2029-12-01,Y,30.11,5,15,0.00,0.00,Y,N,N,N,N,,Luis Reyes,000-69-7470,+13225556176,,en,Robert Reyes,7688 River Rd,Atlanta,GA,30303,owner_occupied,Bank Custodian NA,certified,,Y,2027-05-26,N,,Y,N,Y,0.00,Y,N,0.00,Y,0.00,0.00,Y,
TR-0000049,4100000343,100045600000000499,Y,A/A,353227.17,,2026-09-01,6.625,2359.87,471.92,2053-02-01,360,368550.00,2023-01-06,2023-01-06,2023-03-01,30_360,fixed,,,,,,,,Y,78.54,5,15,0.00,0.00,Y,N,N,N,N,,Ahmed Davis,000-61-2605,+18395558165,ahmed.davis49@example.test,en,,1094 Elm Dr,Albany,NY,12207,owner_occupied,Bank Custodian NA,certified,,Y,2027-06-01,N,,Y,N,Y,0.00,Y,N,0.00,Y,0.00,0.00,Y,
TR-0000050,4100000350,100045600000000507,Y,A/A,178628.99,,2026-09-01,3.125,1326.75,616.92,2040-06-01,240,236550.00,2020-05-12,2020-05-12,2020-07-01,30_360,fixed,,,,,,,,Y,3151.99,5,15,0.00,0.00,Y,N,N,N,N,,Marcus Patel,000-75-1177,+17925552492,marcus.patel50@example.test,en,,6172 Elm Dr,Houston,TX,77002,owner_occupied,Bank Custodian NA,certified,,Y,2026-12-09,N,,Y,N,Y,0.00,N,N,0.00,Y,0.00,0.00,Y,861.57
TR-0000051,4100000357,100045600000000515,Y,A/A,476238.37,,2026-09-01,2.875,3397.64,824.33,2040-11-01,240,619600.00,2020-10-09,2020-10-09,2020-12-01,30_360,fixed,,,,,,,,Y,-1648.66,5,15,0.00,0.00,Y,N,N,N,N,,Patricia Flores,000-12-7791,+17025559676,,en,Patricia Flores,3487 Elm Dr,Phoenix,AZ,85004,owner_occupied,Bank Custodian NA,certified,,Y,2027-07-02,N,,Y,N,Y,0.00,Y,N,0.00,Y,0.00,0.00,Y,
TR-0000052,4100000364,100045600000000523,Y,S/A,558424.06,,2026-09-01,3.750,3188.55,770.92,2047-10-01,360,688500.00,2017-09-22,2017-09-22,2017-11-01,30_360,fixed,,,,,,,,Y,858.80,5,15,0.00,0.00,Y,N,N,N,N,,Sofia Thomas,000-62-1283,+17155552043,sofia.thomas52@example.test,en,,549 Ridge Ct,Riverside,CA,92501,owner_occupied,Bank Custodian NA,certified,,Y,2027-01-01,N,,Y,N,Y,0.00,Y,N,0.00,Y,0.00,0.00,Y,
TR-0000053,4100000371,100045600000000531,Y,S/A,268217.19,,2026-08-01,7.000,1833.57,447.25,2054-01-01,360,275600.00,2023-12-16,2023-12-16,2024-02-01,30_360,fixed,,,,,,,,Y,2290.29,5,15,0.00,0.00,Y,N,N,N,N,,Priya Torres,000-38-8927,+16185555385,,en,,762 Elm Dr,Orlando,FL,32801,second_home,Bank Custodian NA,pending,,Y,2027-05-06,N,,Y,N,Y,0.00,Y,N,281.84,Y,0.00,91.67,Y,
TR-0000054,4100000378,100045600000000549,Y,S/A,158324.98,,2026-09-01,4.750,1003.39,367.92,2047-04-01,360,192350.00,2017-03-20,2017-03-20,2017-05-01,30_360,fixed,,,,,,,,Y,93.87,5,15,0.00,0.00,Y,N,N,N,N,,David Miller,000-57-8248,+17185551783,david.miller54@example.test,en,Emily Miller,7740 Summit Ave,Sacramento,CA,95814,owner_occupied,Bank Custodian NA,certified,,Y,2027-06-14,Y,MI-546726,Y,N,Y,0.00,Y,N,0.00,Y,0.00,0.00,Y,
TR-0000055,4100000385,100045600000000556,Y,S/A,635672.35,,2026-09-01,7.250,4425.28,1200.75,2054-08-01,360,648700.00,2024-07-22,2024-07-22,2024-09-01,30_360,arm,SOFR_30D_AVG,300,500,100,500,45,2027-09-01,Y,72.79,4,15,0.00,0.00,Y,N,N,N,N,,Grace Johnson,000-49-3198,+14695552792,grace.johnson55@example.test,en,,9224 Pine St,Charlotte,NC,28202,owner_occupied,Bank Custodian NA,certified,,Y,2027-08-25,N,,Y,N,Y,0.00,Y,N,0.00,Y,0.00,0.00,Y,584.76
TR-0000056,4100000392,100045600000000564,Y,S/A,184810.25,,2026-09-01,4.875,1212.95,869.67,2046-06-01,360,229200.00,2016-05-26,2016-05-26,2016-07-01,30_360,fixed,,,,,,,,Y,3565.83,5,15,0.00,0.00,Y,N,N,N,N,,Emily Okafor,000-49-9756,+15155554934,emily.okafor56@example.test,en,,6547 Cedar Ln,Houston,TX,77002,owner_occupied,Bank Custodian NA,certified,,Y,2026-11-23,N,,Y,N,Y,0.00,Y,N,0.00,Y,0.00,0.00,Y,
TR-0000057,4100000399,100045600000000572,Y,S/S,589963.50,589963.50,2026-09-01,6.875,3968.84,2079.17,2054-06-01,360,604150.00,2024-05-12,2024-05-12,2024-07-01,30_360,fixed,,,,,,,,Y,6273.26,4,15,0.00,0.00,Y,N,N,N,N,,Nguyen Kim,000-96-3148,+19625555003,,en,Thomas Kim,8791 Oak St,Dallas,TX,75201,owner_occupied,Bank Custodian NA,pending,,Y,2026-12-15,N,,Y,N,Y,0.00,N,N,0.00,Y,0.00,0.00,Y,
TR-0000058,4100000406,100045600000000580,Y,S/S,140341.39,140341.39,2026-09-01,4.375,1750.52,696.92,2034-07-01,180,230750.00,2019-06-07,2019-06-07,2019-08-01,30_360,fixed,,,,,,,,Y,2834.38,4,15,0.00,0.00,Y,N,N,N,N,,Emily Nguyen,000-64-3478,+14015552293,emily.nguyen58@example.test,en,,9732 Cedar Ln,Austin,TX,78701,owner_occupied,Bank Custodian NA,certified,,Y,2027-04-30,N,,Y,N,Y,0.00,N,N,0.00,Y,0.00,0.00,Y,
TR-0000059,4100000413,100045600000000598,Y,S/S,391254.80,391254.80,2026-09-01,4.750,2328.11,0.00,2049-09-01,360,446300.00,2019-08-26,2019-08-26,2019-10-01,30_360,arm,SOFR_30D_AVG,300,200,100,500,45,2029-02-01,N,0.00,5,15,0.00,0.00,Y,N,N,N,N,,Linda Ali,000-35-2167,+12075558194,linda.ali59@example.test,en,Grace Ali,8074 Cedar Ln,Columbus,OH,43215,owner_occupied,Bank Custodian NA,certified,,Y,2027-03-12,N,,Y,N,Y,0.00,Y,N,0.00,Y,0.00,0.00,Y,
TR-0000060,4100000420,100045600000000606,Y,A/A,560488.70,,2026-09-01,4.625,3075.84,675.92,2052-11-01,360,598250.00,2022-10-26,2022-10-26,2022-12-01,30_360,fixed,,,,,,,,Y,3466.99,5,15,0.00,0.00,Y,N,N,N,N,,David Johnson,000-74-5291,+16355554623,david.johnson60@example.test,en,,5482 Meadow Ln,Rochester,NY,14604,owner_occupied,Bank Custodian NA,certified,,Y,2027-03-10,N,,Y,N,Y,0.00,Y,N,0.00,Y,0.00,0.00,Y,915.62
TR-0000061,4100000427,100045600000000614,Y,A/A,287148.08,,2026-09-01,6.875,1924.14,892.08,2054-10-01,360,292900.00,2024-09-13,2024-09-13,2024-11-01,30_360,fixed,,,,,,,,Y,1876.41,5,15,0.00,0.00,Y,N,N,N,N,,Ahmed Rodriguez,000-37-1967,+17905551835,ahmed.rodriguez61@example.test,en,,7089 Maple Ave,Newark,NJ,07102,owner_occupied,Bank Custodian NA,certified,,Y,2027-05-24,N,,Y,N,Y,2831.22,Y,N,0.00,Y,0.00,0.00,Y,
TR-0000062,4100000434,100045600000000622,Y,A/A,256277.44,,2026-08-01,6.000,1581.91,0.00,2054-04-01,360,263850.00,2024-03-10,2024-03-10,2024-05-01,30_360,fixed,,,,,,,,N,0.00,5,15,0.00,0.00,Y,N,N,N,N,,Chloe Anderson,000-98-1924,+18015554323,chloe.anderson62@example.test,es,,5829 Elm Dr,Austin,TX,78701,owner_occupied,Bank Custodian NA,certified,,Y,2026-12-24,N,,Y,N,Y,0.00,Y,N,52.91,Y,0.00,79.09,Y,
TR-0000063,4100000441,100045600000000630,Y,A/A,456658.20,,2026-09-01,3.375,2270.16,835.33,2051-05-01,360,513500.00,2021-04-22,2021-04-22,2021-06-01,30_360,fixed,,,,,,,,Y,2546.12,5,15,0.00,0.00,Y,N,N,N,N,,Emily Patel,000-78-8167,+17905554534,emily.patel63@example.test,en,,7036 Ridge Ct,Columbus,OH,43215,owner_occupied,Bank Custodian NA,certified,,Y,2027-03-06,Y,MI-791905,Y,N,Y,0.00,Y,N,0.00,Y,0.00,0.00,Y,
TR-0000064,4100000448,100045600000000648,Y,A/A,499721.00,,2026-07-01,4.875,2974.41,910.08,2050-01-01,360,562050.00,2019-12-10,2019-12-10,2020-02-01,30_360,fixed,,,,,,,,Y,2809.66,5,15,0.00,0.00,Y,N,N,N,N,,Thomas Kim,000-39-1728,+19345554550,thomas.kim64@example.test,en,,5299 Ridge Ct,Fresno,CA,93721,owner_occupied,Bank Custodian NA,certified,,Y,2027-01-08,N,,Y,N,Y,0.00,Y,N,518.86,Y,0.00,297.44,Y,
TR-0000065,4100000455,100045600000000655,Y,A/A,58511.33,,2026-09-01,4.250,595.39,457.08,2036-09-01,240,96150.00,2016-08-12,2016-08-12,2016-10-01,actual_365,fixed,,,,,,,,Y,487.49,5,15,0.00,0.00,Y,N,N,N,N,,Carlos Miller,000-19-5219,+13815552178,carlos.miller65@example.test,en,Rosa Miller,1823 Maple Ave,Dallas,TX,75201,owner_occupied,Bank Custodian NA,certified,,Y,2026-12-02,N,,Y,N,Y,0.00,Y,N,0.00,Y,0.00,0.00,Y,388.16
TR-0000066,4100000462,100045600000000663,Y,A/A,269727.14,,2026-09-01,4.750,2642.73,636.58,2037-07-01,240,408950.00,2017-06-23,2017-06-23,2017-08-01,30_360,fixed,,,,,,,,Y,2006.54,5,15,0.00,0.00,Y,N,N,N,N,,Robert Garcia,000-21-5363,,,en,,6656 Pine St,Fresno,CA,93721,owner_occupied,Bank Custodian NA,certified,,Y,2027-06-04,N,,Y,N,Y,0.00,N,N,0.00,Y,0.00,0.00,Y,
TR-0000067,4100000469,100045600000000671,Y,A/A,192618.88,,2026-09-01,5.875,1156.46,550.83,2055-06-01,360,195500.00,2025-05-18,2025-05-18,2025-07-01,30_360,arm,SOFR_30D_AVG,275,500,100,500,45,2027-05-01,Y,2241.79,5,15,0.00,0.00,Y,N,N,N,N,,Sofia Singh,000-72-3963,+17055558259,,en,,675 Birch Rd,Rochester,NY,14604,owner_occupied,Bank Custodian NA,certified,,Y,2027-07-01,N,,Y,N,Y,0.00,Y,N,0.00,Y,0.00,0.00,Y,
TR-0000068,4100000476,100045600000000689,Y,A/A,344933.41,,2026-09-01,6.875,2302.54,570.42,2055-02-01,360,350500.00,2025-01-05,2025-01-05,2025-03-01,actual_365,fixed,,,,,,,,Y,-570.42,5,15,0.00,0.00,Y,N,N,N,N,,Luis Thomas,000-16-6301,+18355556132,,,,873 Elm Dr,Cincinnati,OH,45202,owner_occupied,Bank Custodian NA,certified,,Y,2026-11-09,N,,Y,N,Y,0.00,Y,N,0.00,Y,0.00,0.00,Y,
TR-0000069,4100000483,100045600000000697,Y,A/A,98022.97,,2026-09-01,5.750,607.79,323.50,2052-06-01,360,104150.00,2022-05-23,2022-05-23,2022-07-01,30_360,fixed,,,,,,,,Y,1297.53,5,15,0.00,0.00,Y,N,N,N,N,,Jennifer Jackson,000-64-2816,+17665552871,jennifer.jackson69@example.test,en,,7073 Maple Ave,Denver,CO,80202,investment,Bank Custodian NA,certified,,Y,2027-02-22,N,,Y,N,Y,0.00,Y,N,0.00,Y,0.00,0.00,Y,
TR-0000070,4100000490,100045600000000705,Y,A/A,215634.21,,2026-09-01,6.750,1699.41,903.67,2045-03-01,240,223500.00,2025-02-27,2025-02-27,2025-04-01,actual_365,fixed,,,,,,,,Y,979.94,5,15,0.00,0.00,Y,N,N,N,N,,Sofia Kim,000-81-3616,+14595555730,sofia.kim70@example.test,en,,1446 River Rd,Dallas,TX,75201,owner_occupied,Bank Custodian NA,certified,,Y,2027-08-07,N,,Y,N,Y,0.00,Y,Y,0.00,Y,0.00,0.00,Y,486.47
TR-0000071,4100000497,100045600000000713,Y,A/A,489213.34,,2026-08-01,4.000,2757.07,1760.25,2048-12-01,360,577500.00,2018-11-20,2018-11-20,2019-01-01,30_360,fixed,,,,,,,,Y,1.80,5,15,0.00,0.00,Y,N,N,N,N,,Hannah Lewis,000-89-1341,+18565557780,,en,,2080 Cedar Ln,Dallas,TX,75201,owner_occupied,Bank Custodian NA,certified,,Y,2027-07-13,N,,Y,N,Y,0.00,Y,N,0.00,Y,0.00,137.85,Y,
TR-0000072,4100000504,100045600000000721,Y,S/A,80930.24,,2026-09-01,4.375,470.58,313.08,2049-03-01,360,94250.00,2019-02-12,2019-02-12,2019-04-01,actual_365,fixed,,,,,,,,Y,1316.57,5,15,0.00,0.00,Y,N,N,N,N,,Ahmed White,000-19-3994,+13175554980,ahmed.white72@example.test,en,Emily White,4057 Harbor Dr,Riverside,CA,92501,owner_occupied,Bank Custodian NA,certified,,Y,2027-04-28,N,,Y,N,Y,0.00,N,N,0.00,Y,0.00,0.00,Y,
TR-0000073,4100000511,100045600000000739,Y,S/A,548537.46,,2026-09-01,4.000,3112.99,974.58,2048-10-01,360,652050.00,2018-09-20,2018-09-20,2018-11-01,actual_365,fixed,,,,,,,,Y,1011.99,5,15,0.00,0.00,Y,N,N,N,N,,Luis Clark,000-97-8337,+16515556815,luis.clark73@example.test,en,Jennifer Clark,2399 Cedar Ln,Rochester,NY,14604,owner_occupied,Bank Custodian NA,certified,,Y,2027-03-08,N,,Y,N,Y,0.00,N,N,0.00,Y,0.00,0.00,Y,
TR-0000074,4100000518,100045600000000747,Y,S/A,462052.16,,2026-09-01,5.125,2704.19,1025.67,2052-03-01,360,496650.00,2022-02-20,2022-02-20,2022-04-01,30_360,arm,SOFR_30D_AVG,275,200,100,500,45,2028-01-01,Y,1119.24,5,15,0.00,0.00,Y,N,N,N,N,,Luis Okafor,000-69-3514,+19845551512,luis.okafor74@example.test,es,,7731 Lakeview Rd,Denver,CO,80202,second_home,Bank Custodian NA,certified,,Y,2027-03-08,N,,Y,N,Y,0.00,N,N,0.00,Y,0.00,0.00,Y,
TR-0000075,4100000525,100045600000000754,Y,S/A,487047.84,,2026-09-01,6.750,3205.05,904.08,2055-04-01,360,494150.00,2025-03-09,2025-03-09,2025-05-01,30_360,fixed,,,,,,,,Y,1879.45,5,15,0.00,0.00,Y,N,N,N,N,,Joseph Wilson,000-55-7996,+16305553803,joseph.wilson75@example.test,en,,8509 Meadow Ln,Phoenix,AZ,85004,owner_occupied,Bank Custodian NA,certified,,Y,2027-05-23,N,,Y,N,Y,0.00,Y,N,0.00,Y,0.00,0.00,Y,465.42
TR-0000076,4100000532,100045600000000762,Y,S/A,739046.61,,2026-09-01,3.875,4059.09,1752.75,2049-07-01,360,863200.00,2019-06-27,2019-06-27,2019-08-01,30_360,fixed,,,,,,,,Y,8801.03,4,15,0.00,0.00,Y,N,N,N,N,,Carlos Singh,000-98-7691,+19885553274,,en,,3348 Ridge Ct,San Antonio,TX,78205,owner_occupied,Bank Custodian NA,certified,,Y,2026-11-24,N,,Y,N,Y,0.00,N,N,0.00,Y,0.00,0.00,Y,
TR-0000077,4100000539,100045600000000770,Y,S/S,309103.96,309103.96,2026-09-01,7.500,2188.54,593.67,2055-04-01,360,313000.00,2025-03-24,2025-03-24,2025-05-01,30_360,fixed,,,,,,,,Y,1.10,4,15,0.00,0.00,Y,N,N,N,N,,Michael Torres,000-60-7596,+14295559699,michael.torres77@example.test,en,,7343 Lakeview Rd,Jacksonville,FL,32202,owner_occupied,Bank Custodian NA,certified,,Y,2026-09-15,N,,Y,N,Y,0.00,Y,N,0.00,Y,0.00,0.00,Y,
TR-0000078,4100000546,100045600000000788,Y,S/S,172941.71,172941.71,2026-09-01,6.500,1588.03,0.00,2040-05-01,180,182300.00,2025-04-25,2025-04-25,2025-06-01,30_360,fixed,,,,,,,,N,0.00,5,15,0.00,0.00,Y,N,N,N,N,,Marcus Ali,000-81-8562,+14975555430,marcus.ali78@example.test,en,,6750 Harbor Dr,Sacramento,CA,95814,owner_occupied,Bank Custodian NA,certified,,Y,2027-01-19,N,,Y,N,Y,0.00,Y,N,0.00,Y,0.00,0.00,Y,
TR-0000079,4100000553,100045600000000796,Y,S/S,346679.27,346007.62,2026-08-01,5.000,2116.15,1389.58,2049-07-01,360,394200.00,2019-06-18,2019-06-18,2019-08-01,30_360,fixed,,,,,,,,Y,4234.50,5,15,0.00,0.00,Y,N,N,N,N,,Emily Anderson,000-95-3895,+15585558323,emily.anderson79@example.test,en,,7552 Oak St,Peoria,IL,61602,investment,Bank Custodian NA,certified,,Y,2027-06-17,N,,Y,N,Y,0.00,Y,N,0.00,Y,0.00,105.80,Y,
TR-0000080,4100000560,100045600000000804,Y,A/A,510347.82,,2026-09-01,5.125,2982.16,882.25,2052-04-01,360,547700.00,2022-03-23,2022-03-23,2022-05-01,actual_365,fixed,,,,,,,,Y,4494.24,5,15,0.00,0.00,Y,N,N,N,N,,Michael Martinez,000-46-8149,+15245557667,michael.martinez80@example.test,en,,306 River Rd,Sacramento,CA,95814,owner_occupied,Bank Custodian NA,certified,,Y,2027-04-12,N,,Y,N,Y,0.00,Y,N,315.00,N,0.00,0.00,Y,802.55
TR-0000081,4100000567,100045600000000812,Y,A/A,727561.92,,2026-09-01,4.375,4335.79,1358.42,2048-04-01,360,868400.00,2018-03-15,2018-03-15,2018-05-01,30_360,fixed,,,,,,,,Y,4168.84,5,15,0.00,0.00,Y,N,N,N,N,,James Chen,000-96-1608,+12595556136,,en,Linda Chen,1322 River Rd,Cincinnati,OH,45202,owner_occupied,Bank Custodian NA,certified,,Y,2027-01-21,N,,Y,N,Y,0.00,N,N,0.00,Y,0.00,0.00,Y,
TR-0000082,4100000574,100045600000000820,Y,A/A,247479.55,,2026-09-01,7.000,2545.03,0.00,2038-08-01,180,283150.00,2023-07-22,2023-07-22,2023-09-01,30_360,arm,SOFR_30D_AVG,275,500,100,500,45,2029-12-01,N,0.00,5,15,0.00,0.00,Y,N,N,N,N,,Robert Singh,000-97-2448,+15555552465,robert.singh82@example.test,en,,6405 Harbor Dr,Orlando,FL,32801,owner_occupied,Bank Custodian NA,certified,,Y,2027-01-02,N,,Y,N,Y,45.14,Y,N,0.00,Y,0.00,0.00,Y,
TR-0000083,4100000581,100045600000000838,Y,A/A,605069.33,,2026-09-01,4.875,3772.99,1643.58,2048-04-01,360,712950.00,2018-03-20,2018-03-20,2018-05-01,30_360,fixed,,,,,,,,Y,1711.84,5,15,0.00,0.00,Y,N,N,N,N,,Linda Patel,000-89-1805,+15865555216,,en,,2335 Birch Rd,San Antonio,TX,78205,owner_occupied,Bank Custodian NA,certified,,Y,2027-06-26,N,,Y,N,Y,0.00,Y,N,0.00,Y,0.00,0.00,Y,
TR-0000084,4100000588,100045600000000846,Y,A/A,334164.25,,2026-09-01,3.750,2021.27,963.92,2046-01-01,360,436450.00,2015-12-18,2015-12-18,2016-02-01,actual_365,fixed,,,,,,,,Y,2013.81,5,15,0.00,0.00,Y,N,N,N,N,,James Ali,000-68-2380,+15825557870,james.ali84@example.test,en,Carlos Ali,5768 River Rd,Riverside,CA,92501,owner_occupied,Bank Custodian NA,certified,,Y,2026-12-28,N,,Y,N,Y,0.00,Y,N,0.00,Y,0.00,0.00,Y,
TR-0000085,4100000595,100045600000000853,Y,A/A,551339.50,,2026-09-01,7.000,5175.45,893.08,2040-07-01,180,575800.00,2025-06-18,2025-06-18,2025-08-01,30_360,fixed,,,,,,,,Y,-893.08,4,15,0.00,0.00,Y,N,N,N,N,,Linda Okafor,000-95-8984,+16015556061,linda.okafor85@example.test,en,,6506 Prairie Dr,Spokane,WA,99201,owner_occupied,Bank Custodian NA,certified,,Y,2027-01-28,N,,Y,N,Y,0.00,Y,N,0.00,Y,0.00,0.00,N,1959.30
TR-0000086,4100000602,100045600000000861,Y,A/A,291842.36,,2026-08-01,4.875,1646.63,0.00,2052-09-01,360,311150.00,2022-08-06,2022-08-06,2022-10-01,actual_365,fixed,,,,,,,,N,0.00,5,15,0.00,0.00,Y,N,N,N,N,,Chloe Garcia,000-42-2204,+13275559871,chloe.garcia86@example.test,en,Rosa Garcia,3703 Willow Way,San Antonio,TX,78205,second_home,Bank Custodian NA,certified,,Y,2027-01-31,N,,Y,N,Y,0.00,Y,N,0.00,Y,0.00,82.33,Y,
TR-0000087,4100000609,100045600000000879,Y,A/A,180091.40,,2026-09-01,4.625,1195.12,0.00,2045-06-01,360,232450.00,2015-05-16,2015-05-16,2015-07-01,30_360,arm,SOFR_30D_AVG,275,200,100,500,45,2027-06-01,N,0.00,5,15,0.00,0.00,Y,N,N,N,N,,Thomas Nguyen,000-32-7027,+12145553528,thomas.nguyen87@example.test,en,Joseph Nguyen,4619 Sunset Blvd,Phoenix,AZ,85004,owner_occupied,Bank Custodian NA,certified,,Y,2027-02-10,N,,Y,N,Y,0.00,Y,N,0.00,Y,0.00,0.00,Y,
TR-0000088,4100000616,100045600000000887,Y,A/A,251943.29,,2026-07-01,2.750,1148.99,601.67,2051-11-01,360,281450.00,2021-10-11,2021-10-11,2021-12-01,30_360,fixed,,,,,,,,Y,26.95,4,15,0.00,0.00,Y,Y,N,N,N,,Olivia Anderson,000-74-5463,+12605552770,olivia.anderson88@example.test,en,Patricia Anderson,4859 Oak St,St. Paul,MN,55101,owner_occupied,Bank Custodian NA,certified,,Y,2027-06-10,N,,Y,N,Y,0.00,Y,N,0.00,Y,1224.40,114.88,Y,
TR-0000089,4100000623,100045600000000895,Y,A/A,462653.68,,2026-09-01,6.375,2972.43,683.92,2054-03-01,360,476450.00,2024-02-25,2024-02-25,2024-04-01,30_360,fixed,,,,,,,,Y,1427.68,4,15,0.00,0.00,Y,Y,N,N,N,,Kevin Patel,000-86-3358,+16805558169,kevin.patel89@example.test,en,Linda Patel,8824 Pine St,Charlotte,NC,28202,owner_occupied,Bank Custodian NA,certified,,Y,2026-11-28,N,,Y,N,Y,0.00,Y,N,0.00,Y,1019.21,0.00,Y,
TR-0000090,4100000630,100045600000000903,Y,A/A,210266.97,,2026-08-01,6.500,1405.09,631.50,2052-03-01,360,222300.00,2022-02-16,2022-02-16,2022-04-01,30_360,fixed,,,,,,,,Y,722.36,5,15,0.00,0.00,Y,N,N,N,N,,Luis Rodriguez,000-80-1325,+17625551646,luis.rodriguez90@example.test,en,,1858 Pine St,Naperville,IL,60540,investment,Bank Custodian NA,certified,,Y,2027-07-30,N,,Y,N,Y,0.00,N,N,0.00,Y,0.00,70.25,Y,266.14
TR-0000091,4100000637,100045600000000911,Y,A/A,392998.54,,2026-04-01,7.375,3745.01,0.00,2040-04-01,180,407100.00,2025-03-15,2025-03-15,2025-05-01,30_360,fixed,,,,,,,,N,0.00,4,15,0.00,0.00,Y,N,Y,N,N,,Luis Smith,000-28-7978,+14775553587,luis.smith91@example.test,en,,4580 Meadow Ln,Riverside,CA,92501,investment,Bank Custodian NA,certified,,Y,2027-04-14,N,,Y,N,Y,0.00,Y,N,0.00,Y,2785.65,936.25,Y,
TR-0000092,4100000644,100045600000000929,Y,S/A,388652.84,,2026-05-01,6.375,2494.23,1161.00,2053-12-01,360,399800.00,2023-11-15,2023-11-15,2024-01-01,actual_365,fixed,,,,,,,,Y,50.60,5,15,0.00,0.00,Y,N,Y,N,N,,Grace Torres,000-51-2682,+18935555502,grace.torres92@example.test,en,Chloe Torres,3304 Pine St,San Antonio,TX,78205,owner_occupied,Bank Custodian NA,certified,,Y,2026-11-23,N,,Y,N,Y,0.00,Y,N,0.00,Y,878.27,498.84,Y,
TR-0000093,4100000651,100045600000000937,Y,S/A,490293.67,,2026-07-01,5.000,3300.92,937.58,2045-10-01,360,614900.00,2015-09-21,2015-09-21,2015-11-01,30_360,fixed,,,,,,,,Y,1935.28,4,15,0.00,0.00,Y,N,N,N,N,,Michael Kim,000-39-5164,+16325551255,michael.kim93@example.test,en,,6134 Maple Ave,Tucson,AZ,85701,owner_occupied,Bank Custodian NA,certified,,Y,2026-12-12,N,,Y,N,Y,0.00,N,N,0.00,Y,0.00,330.08,Y,
TR-0000094,4100000658,100045600000000945,Y,S/A,411734.55,,2026-09-01,6.625,2747.57,671.67,2053-03-01,360,429100.00,2023-02-26,2023-02-26,2023-04-01,30_360,fixed,,,,,,,,Y,2747.81,5,15,0.00,0.00,Y,N,N,N,N,,Linda Davis,000-15-3566,+18455559648,,en,,4982 Lakeview Rd,Raleigh,NC,27601,owner_occupied,Bank Custodian NA,certified,,Y,2026-11-04,N,,Y,N,Y,0.00,Y,N,0.00,Y,0.00,0.00,Y,
TR-0000095,4100000665,100045600000000952,Y,S/A,550478.32,,2026-06-01,3.875,3087.11,1251.33,2048-07-01,360,656500.00,2018-06-16,2018-06-16,2018-08-01,actual_365,fixed,,,,,,,,Y,6314.90,5,15,0.00,0.00,Y,N,N,Y,N,,Robert Miller,000-91-6877,+13615552978,robert.miller95@example.test,en,,4151 Maple Ave,Cincinnati,OH,45202,owner_occupied,Bank Custodian NA,certified,,Y,2027-04-12,N,,Y,N,Y,0.00,Y,N,0.00,Y,0.00,463.05,Y,1309.52
TR-0000096,4100000672,100045600000000960,Y,S/A,404009.38,,2026-09-01,3.000,1903.12,725.50,2051-11-01,360,451400.00,2021-10-02,2021-10-02,2021-12-01,30_360,fixed,,,,,,,,Y,2215.36,5,15,0.00,0.00,Y,N,N,Y,N,,Carlos Okafor,000-60-9153,+15085555027,carlos.okafor96@example.test,en,,351 River Rd,Allentown,PA,18101,owner_occupied,Bank Custodian NA,certified,,Y,2026-11-29,N,,Y,N,Y,0.00,N,N,0.00,Y,0.00,0.00,Y,
TR-0000097,4100000679,100045600000000978,Y,S/S,477934.81,477934.81,2026-09-01,6.500,3189.73,1490.00,2052-05-01,360,504650.00,2022-04-10,2022-04-10,2022-06-01,30_360,fixed,,,,,,,,Y,7505.44,5,15,0.00,0.00,Y,N,N,N,Y,Active duty orders on file; 6% cap applied 2026-03-01,Ahmed Brown,000-52-7272,+13635551597,ahmed.brown97@example.test,en,,9792 Sunset Blvd,Dallas,TX,75201,owner_occupied,Bank Custodian NA,certified,,Y,2026-12-20,N,,Y,N,Y,0.00,N,N,566.75,Y,0.00,0.00,Y,
TR-0000098,4100000686,100045600000000986,Y,S/S,220260.80,220260.80,2026-09-01,4.500,1463.56,478.33,2045-02-01,360,288850.00,2015-01-05,2015-01-05,2015-03-01,30_360,fixed,,,,,,,,Y,2490.43,5,15,0.00,0.00,Y,N,N,N,N,,Chloe Brown,000-83-2701,+12755557504,chloe.brown98@example.test,en,,2616 Prairie Dr,Riverside,CA,92501,owner_occupied,,,EV-000098,Y,2027-04-14,N,,Y,N,Y,0.00,Y,N,0.00,Y,0.00,0.00,Y,
TR-0000099,4100000693,100045600000000994,Y,S/S,516663.99,516663.99,2026-09-01,6.125,3305.40,816.58,2052-10-01,360,544000.00,2022-09-15,2022-09-15,2022-11-01,30_360,fixed,,,,,,,,Y,4170.60,5,15,0.00,0.00,Y,N,N,N,N,,Nguyen Patel,000-28-9882,+18035553968,nguyen.patel99@example.test,en,Rosa Patel,5248 Cedar Ln,Atlanta,GA,30303,owner_occupied,,,EV-000099,Y,2027-01-21,N,,Y,N,Y,0.00,Y,N,0.00,Y,0.00,0.00,Y,
TR-0000100,4100000700,100045600000001000,Y,A/A,252222.07,,2026-08-01,3.250,1256.66,0.00,2050-09-01,360,288750.00,2020-08-15,2020-08-15,2020-10-01,30_360,fixed,,,,,,,,N,0.00,5,15,0.00,0.00,Y,N,N,N,N,,Chloe Martinez,000-88-4920,+12755558945,chloe.martinez100@example.test,en,,8062 Elm Dr,Rochester,NY,14604,owner_occupied,Bank Custodian NA,certified,,Y,2027-06-26,N,,Y,N,Y,0.00,Y,N,0.00,Y,0.00,62.83,Y,573.56
