transferor_loan_number,document_type,filename,sha256
TR-0000001,note,TR-0000001_note.pdf,56fdd7dd778c61748d3dc0dc8323c7b1b63b415953f3c7e966d38b7e2cd679f0
TR-0000001,mortgage,TR-0000001_mortgage.pdf,c037e0a4ddad81e42b6d5ab7f2d2b594b3468311294b51530b187561bdfdca40
TR-0000001,title_policy,TR-0000001_title_policy.pdf,ca2aae917eae7d226978e3e20a61aea5dc5bda7a2254afa35a1f543a57cf9b3a
TR-0000002,note,TR-0000002_note.pdf,23ee91f61238836814f5f8419f00b0b62adca63b9aac5a2316b5911d6fdb01b7
TR-0000002,mortgage,TR-0000002_mortgage.pdf,40f115cf29dc18651bd2aea07e9ca8d2eb7ea0db83af1984b9dd1c6524bdd575
TR-0000002,title_policy,TR-0000002_title_policy.pdf,626bbb922c931d1a1fc9722ad8aad039b82ec3b87d3c4736b192482921b2cf92
TR-0000002,allonge,TR-0000002_allonge.pdf,4889e78074dfc5c91e34bf63462660c8664b21166817d3b220f97b3159ce4d34
TR-0000003,note,TR-0000003_note.pdf,09282b82bdf8dd8ecfa198f99774d75564f4cee6526e4467f03e7731caf3be3f
TR-0000003,mortgage,TR-0000003_mortgage.pdf,2f329b22838c96188d43266be08e4309ec4c5d355fcf8757e0e127a72ae19383
TR-0000003,title_policy,TR-0000003_title_policy.pdf,8b4e482de0a38a2e9a1c634b15b6cdd1cb62199caa2bc467d1ae45c98b02985e
TR-0000004,note,TR-0000004_note.pdf,4b75d2642e5c9c47d71e2ce516e7de3c15ee4a46d3ef12abb10c393f0795e651
TR-0000004,mortgage,TR-0000004_mortgage.pdf,708f2a7eb0174cb3f69c6dfbb797480d9ed50b1a0b4e691ce8d7394171656834
TR-0000004,title_policy,TR-0000004_title_policy.pdf,24b00ffc7d99cd8bc4c802254292191c8c2627503a8039f10e197b0b57a4c0a1
TR-0000005,note,TR-0000005_note.pdf,ec33a444518d9fb1699f8474f705e12ce1bebb55263fe428a9a3c0a58521fc49
TR-0000005,mortgage,TR-0000005_mortgage.pdf,dc0dfa6ef2635d6e6e437b6490bd73e355676989e635e333896782d593d058d5
TR-0000005,title_policy,TR-0000005_title_policy.pdf,19329b592e6c24bcb8dd23782b172fb72c69b1f3a8b8f684b53a909054809cd0
TR-0000006,note,TR-0000006_note.pdf,e94994cc962b148f9b421e7ba5e96d54007a21d86190f59b73111bc6be687fe0
TR-0000006,mortgage,TR-0000006_mortgage.pdf,63ce77e546f9d0b3ead26ee98f2fd84ba3a3589b5091db643f71ac6be21a7b02
TR-0000006,title_policy,TR-0000006_title_policy.pdf,b58f9190accca0ef90719515a9c7b6ce6cc4b259e8b887b5cc064d048bb1bcde
TR-0000006,allonge,TR-0000006_allonge.pdf,e754b975f419e072f63a721df1beed11f7131c7166fa76456431ab0a046f0e06
TR-0000007,note,TR-0000007_note.pdf,1da4e44af417048263744d709ff82e03eada270447eb0ff66a74b1b398b8af8e
TR-0000007,mortgage,TR-0000007_mortgage.pdf,c9ff87de24483878fe7650771fb027b3da14b877889314f24915c48d4a7b9843
TR-0000007,title_policy,TR-0000007_title_policy.pdf,cdaef2575661baf51e34d8a01184d507889d32b639c2a7550fd263dd6cca0e68
TR-0000008,note,TR-0000008_note.pdf,a07ef4ee5145fbd43a035c7e7a5700d11ae472da2163df26353a7c3fdb1414ee
TR-0000008,mortgage,TR-0000008_mortgage.pdf,d6cfe6a39413a56c273cdc981967417401fc9bd57ef78670a0dcf40874ff37b7
TR-0000008,title_policy,TR-0000008_title_policy.pdf,743bb03d2d6bdcc82b4ed1f22fad36c77d3f8e17a1338671d4e7ee11a289169e
TR-0000009,note,TR-0000009_note.pdf,648b3cd481a6566adf68e4ddd168dfa71a902302d101ea158044146df16ffbcd
TR-0000009,mortgage,TR-0000009_mortgage.pdf,1745ed5f87e68752199b426ec0b68ea3be23aaf98fd163ca494a1a9511a52499
TR-0000009,title_policy,TR-0000009_title_policy.pdf,33edd7635b97093cb91ab81e9286d56b0a17da55580e239a5a31a8d4a8b502bc
TR-0000010,note,TR-0000010_note.pdf,5473441c7d10fe1e4540967582db72977df7ead83fb5777461a59724ec4fc8fe
TR-0000010,mortgage,TR-0000010_mortgage.pdf,6bb32620836f513b1ed9453306e6d8e340856571b5e0ed3e5715ddf96d860bc5
TR-0000010,title_policy,TR-0000010_title_policy.pdf,1d9a6a9d0bad3d734c887e0b651af373f62602a378a41283d38dda2a654e8a2b
TR-0000011,note,TR-0000011_note.pdf,4d5e652aadd7e0f12c5345ab576aecb6f489f44ea42e5e84cd1586fd61447aed
TR-0000011,mortgage,TR-0000011_mortgage.pdf,1fbee2f9b262387a3024e71c6e34062ea1d117ba1f3820799009e24c27a6ec0a
TR-0000011,title_policy,TR-0000011_title_policy.pdf,bca70c19f341116d6521bf50429aaca43c175cc6ff00757eb621f946cce25736
TR-0000012,note,TR-0000012_note.pdf,00e75b1e0b85e4168e176f7b535e7513b719e6a501e3b9194f3e0e8074982a2c
TR-0000012,mortgage,TR-0000012_mortgage.pdf,15dc8338ba670d9ef3bac068a283773c4bee20175c283ebce2fbb2f24a26183a
TR-0000012,title_policy,TR-0000012_title_policy.pdf,888e3da2af6efda24ffbc882f3991dd16d8d53e27326e5bf93d3207f679e26d3
TR-0000013,note,TR-0000013_note.pdf,db9fa318a0403665c9d07f832a27cc78fe8159d7cecfdee81f8540eae14cba5f
TR-0000013,mortgage,TR-0000013_mortgage.pdf,f6064a08732ecc9130baeeda1069a4af20044c0966b0a825c529969e5bc88be0
TR-0000013,title_policy,TR-0000013_title_policy.pdf,17252456bbf63a7690e6d8df6141974c2d66e246953b31a40425bab6ae11e6ab
TR-0000014,note,TR-0000014_note.pdf,40f4409ba3479dca19f8d1d69a224e79a5b8811c7fb5bebfc453a70ad562d71e
TR-0000014,mortgage,TR-0000014_mortgage.pdf,010f9d1d8162cc6ef0afc7b9abe7e7442b6f61618e85f0616ae8f21e83e31408
TR-0000014,title_policy,TR-0000014_title_policy.pdf,22bc3673af2464fad1c974bfb56ab511117e329daf8fadcced251d5abeebf662
TR-0000015,note,TR-0000015_note.pdf,22e6a554061e10e9378af6b84c8ec0c680c3590b6c2b2b5d9ddaf2f796b21e68
TR-0000015,mortgage,TR-0000015_mortgage.pdf,60e0fb472e999267fafab08d26273a6f2739e8e0f4c0238b897269e2327498b0
TR-0000015,title_policy,TR-0000015_title_policy.pdf,8bffed803458d56e48116f720d58f782c9a47def73089c4e4f8fba8b30e4f7f8
TR-0000016,note,TR-0000016_note.pdf,cf3887240fa3a83b55b33f245c0d0eae1d27e1047b4e3b95ed3bf732487c89c3
TR-0000016,mortgage,TR-0000016_mortgage.pdf,bb6567b92abe213510ee1add27d41b9411d5d9622750441ade5635a5c03a5cbf
TR-0000016,title_policy,TR-0000016_title_policy.pdf,1aec0f7583b905e785e7ada5e817a6cbef98849abd79fba0c4d4e0c2be14df4b
TR-0000017,note,TR-0000017_note.pdf,bdce997c561780ae41611fa5a73d43331a9944412c12ed1e4792a20d630f68a7
TR-0000017,mortgage,TR-0000017_mortgage.pdf,9b1e5166a6e2945dd69a97b1193b18c970959e981b5b2d4ea11c142c145f1b55
TR-0000017,title_policy,TR-0000017_title_policy.pdf,5f1c551d0847d9c594f78a528f401283c50625e82b38788e58f42e5f2814ab3d
TR-0000017,allonge,TR-0000017_allonge.pdf,20a45d5d0693408d8bdc68a926a57489ad975272da07e2ad20c4d87fa1282ff5
TR-0000018,note,TR-0000018_note.pdf,769a6f94859bc0af73b8353fc14b8f70eae9c4c6d1940f8e7a6b3df4ece2b0ff
TR-0000018,mortgage,TR-0000018_mortgage.pdf,8914b067eeb3607c00333a560dde922324375d737866e7dec7b4609c6b3d0099
TR-0000018,title_policy,TR-0000018_title_policy.pdf,ceb1f0d9aad385dfc642d496e085f1a21bd081646d2cb7b89cd941830b2deba1
TR-0000019,note,TR-0000019_note.pdf,59448b91ea71b0b50c9430df82ccb29d9cefc06d44b9954b8750cb2206f230b8
TR-0000019,mortgage,TR-0000019_mortgage.pdf,21869db6e46db0683f527f8771dcc45a412a1861915a63c38f6cde562b1da7c7
TR-0000019,title_policy,TR-0000019_title_policy.pdf,eaab6d91b1bd985fcb2a0ae851931e3a182179328d602d5ed6f644390e196d5c
TR-0000019,allonge,TR-0000019_allonge.pdf,46d7732e0c91c4d4feae625de293f56dae3fd4569e871fc79a94472a469db180
TR-0000020,note,TR-0000020_note.pdf,6391ed682dccba079703baaa2754ca89cca4aa9817095974a57b77ed07abef62
TR-0000020,mortgage,TR-0000020_mortgage.pdf,ebe25ddaa845717892f2e792af5639fe812056fae1f545ffe511b38a3bf43835
TR-0000020,title_policy,TR-0000020_title_policy.pdf,e1c26f5ee610803d091f480b168b0b03421f6852e6598ec42f9baec30ea9416e
TR-0000020,allonge,TR-0000020_allonge.pdf,39696d2dada47f89323c3ea90424c12c935d41e684ccd884d5c26422608584dc
TR-0000021,note,TR-0000021_note.pdf,3637a252d2b052831d22b38aa15f317827e8ae83b6e83bf92de409977e9b4daa
TR-0000021,mortgage,TR-0000021_mortgage.pdf,f6bd68f7de2fdbb1b271fe88f7744b29720036c444dd1d39e0d7213c87a5d019
TR-0000021,title_policy,TR-0000021_title_policy.pdf,71188ae8d8f965f47b372d65e98ac453de0b1395183b1f8cce6c1a5b4f21e359
TR-0000021,allonge,TR-0000021_allonge.pdf,249f78a4df3cdb1bd740c8bbcf8ba79c249b0ce6f4918c01448a5c183a089c60
TR-0000022,note,TR-0000022_note.pdf,2e5c00533b46083a93bc2af1191efb4563e83cd41a1afb9164401895ce38d728
TR-0000022,mortgage,TR-0000022_mortgage.pdf,6f13375c603f066e5f7a121e6538beabcded16532b81c046bb70872ffb0fd9a0
TR-0000022,title_policy,TR-0000022_title_policy.pdf,8afe7b4d7114b06f4fbe1b63fc1e1c0f42855b9342b60077fcbde6c2547c7c1c
TR-0000023,note,TR-0000023_note.pdf,c5c6dccad99bda651f0cd804672398f19ab2bfda15400cd6088d98bfdd10e6b3
TR-0000023,mortgage,TR-0000023_mortgage.pdf,5dc30cbe5aa6e4be6c0c771c6729a8001731175a5b3e8025247fc14d4c54fa44
TR-0000023,title_policy,TR-0000023_title_policy.pdf,07893ff8f6e7c18382a3429e6fe2303c1e897018db93bdb3416391d4f92cbaf0
TR-0000023,allonge,TR-0000023_allonge.pdf,62f82ff538038bf57c5b02791c8ac12c782107247f9d8ba2f0c05f6fb61ef971
TR-0000024,note,TR-0000024_note.pdf,1851c72770dfaf700f36dd7e32f7bcdb83d5b5885c8c6757c0504902ea34b3ec
TR-0000024,mortgage,TR-0000024_mortgage.pdf,615d9f65b647143a85373de38ccb8df3cbea61dac9b6605b81386bacd5b6ce65
TR-0000024,title_policy,TR-0000024_title_policy.pdf,4765bedd68ed63d3a48f4ec1665f78d36e261430c0a5db47f4c481483f32fea3
TR-0000025,note,TR-0000025_note.pdf,9b7c20c638cb1a7d8ebd1fedd140d45909737e20078773299fd4f5049d70de4e
TR-0000025,mortgage,TR-0000025_mortgage.pdf,6815e863bfb59ffdfae9a7d8ac2c60aca7ee1a48cf1c39ddf8ff62cf1576c6b0
TR-0000025,title_policy,TR-0000025_title_policy.pdf,077803210f98754e550c18f481784804aa59d7f598e5abcd7d82e858f7956c95
TR-0000026,note,TR-0000026_note.pdf,809fe8b7f7ee2a3d31408d8f73c76a56579b55464c0fda8fcc07388f9e8975ef
TR-0000026,mortgage,TR-0000026_mortgage.pdf,2fde3ce88b84c8f10f89b37647d9f2d54f6852832d4983794b798fbab6b404b8
TR-0000026,title_policy,TR-0000026_title_policy.pdf,9fe960359f66ce6ebd01f81f4da5a427a87680180653424220b19a7e7843fd40
TR-0000027,note,TR-0000027_note.pdf,cb9c94c09faa462269ac1cb3e2e27413b4ed0c7e37564a12f8f0871706d6cba4
TR-0000027,mortgage,TR-0000027_mortgage.pdf,05a83b16f8dd335dabd0b12d1c844e33a12b793b79f16a3bcfcc8cdfcfa79b81
TR-0000027,title_policy,TR-0000027_title_policy.pdf,af0abea430f874b2989ffd7ed7aa81f87f83d8d166b2fa8d5befeac13f45041d
TR-0000028,note,TR-0000028_note.pdf,dbec9a7282a2c03b4dfcb786bef1eaa9744e19f32e95af343ea71eb96dbb061b
TR-0000028,mortgage,TR-0000028_mortgage.pdf,627ca813c63fcc23abfdf56c759996141efad594fbace3346702ad572198e5d7
TR-0000028,title_policy,TR-0000028_title_policy.pdf,9b742b681c17417d2a5a8105348aaea6d4752d56ce7c50e18c3ef4472c5e7da9
TR-0000029,note,TR-0000029_note.pdf,ef8f871e58a2813468552f5b33092b584437cf446fcf7045ae20d0810ff7bf52
TR-0000029,mortgage,TR-0000029_mortgage.pdf,918c52c8e2413bcee70cd05da5d367a30005699222df19b1e990b578d6dcdf9e
TR-0000029,title_policy,TR-0000029_title_policy.pdf,dc8ff3da0599a9a3f885fae0b31b6fdfb6909e4624252824d8140c470d0ebf68
TR-0000030,note,TR-0000030_note.pdf,df2638ada579c7df91312b1e362096753a2451a5dc49d4511c0d33b7cd890bbd
TR-0000030,mortgage,TR-0000030_mortgage.pdf,b78583d344d469429e4986027ca1300a0ab1d0d18f35cb8c1fe6fa94c443c449
TR-0000030,title_policy,TR-0000030_title_policy.pdf,0b89c47535f6fce147980a0067987089adf38f512e97a2cc4bb00f922190c453
TR-0000031,note,TR-0000031_note.pdf,0c5931c5a22565b2ded683a731a071622a8ba4e795a8e18f78cef578a691c535
TR-0000031,mortgage,TR-0000031_mortgage.pdf,4c4630c2abf95aecfbef1fd46fd11b873626d9bfa954713cbf1066e641801ba4
TR-0000031,title_policy,TR-0000031_title_policy.pdf,cad788f12ef2d83327553ab44d0cf18ac837dd43731e7781a95c2ec9bd4d1508
TR-0000032,note,TR-0000032_note.pdf,2545a5e588a47603f734ff69d93d8dd55f31060d2e17e9e4840bdcd439fe24fe
TR-0000032,mortgage,TR-0000032_mortgage.pdf,e4b0b239a65cc4ff1e711646464826bc5127650d13e899ad396062ad4b0efdfe
TR-0000032,title_policy,TR-0000032_title_policy.pdf,afc237e7b62e5caac689601425ea24556250a08d44471b4384cae184e08d04ae
TR-0000033,note,TR-0000033_note.pdf,88c7de93b1922596ce447ac9b3a3313111fd70da488b5e047d6562975d17758d
TR-0000033,mortgage,TR-0000033_mortgage.pdf,9fc7360eb61837508ae2a6a7618c653d963cf22c146155756f2d9bbad87abc74
TR-0000033,title_policy,TR-0000033_title_policy.pdf,e72eed21b85dc43f5dee16e73a187d25ec0f1318cb2f4a4f028c0cddf9f3631f
TR-0000034,note,TR-0000034_note.pdf,92f33ebf5459b854c87f476c4ef491630d6023a21a5101032f5f22adcf2dfdd5
TR-0000034,mortgage,TR-0000034_mortgage.pdf,86656394272108587c9133df307bc34d8efde844b3323f64187238014ca4acf7
TR-0000034,title_policy,TR-0000034_title_policy.pdf,7537c6f12f11d9d421804c7f36031447d3f0e37d9d9a4e637042add0aabe9a76
TR-0000035,note,TR-0000035_note.pdf,7deca5eb1505efec4b701581031be4c9f0731ea07756335611bc41626d1a8d07
TR-0000035,mortgage,TR-0000035_mortgage.pdf,28ffdace8140984adc6ee227ba5a84d427b2f1046d1f50013ee19e27f966e501
TR-0000035,title_policy,TR-0000035_title_policy.pdf,035b22439dbb17904a6191821e7bcca3edbdf64b5c3766af37d121359510babf
TR-0000035,allonge,TR-0000035_allonge.pdf,0ea0bf9f77e4fba4008df7fc806a8f5dc4f9a070a41fcd9cdf0be0b3afe9daf9
TR-0000036,note,TR-0000036_note.pdf,135fd8246144707abe8eee8364b6f8518095f575ad2d04b248a950b20aa99d88
TR-0000036,mortgage,TR-0000036_mortgage.pdf,0a5e8044e3ef8ee90e86e2c01c333444c996f7f3247e012d8ebd1ee7a5955009
TR-0000036,title_policy,TR-0000036_title_policy.pdf,29b8a96f43a11dd42254725c8586a4a71fcd13cb7bc5a77cd99591720bc7d33c
TR-0000037,note,TR-0000037_note.pdf,33b407491f1857e8784e0709b5b379be1b559a8400fd75e43ca53cdc30bbcbe0
TR-0000037,mortgage,TR-0000037_mortgage.pdf,c2c2426b8cc18f9044ff0bfe2e55de0819b31b17e9e4da144c39e145bdd30e40
TR-0000037,title_policy,TR-0000037_title_policy.pdf,7bfd90a90b95cd7cb0765ccc41406e52a98952ca9fd41e315f9c14833d9c92c6
TR-0000038,note,TR-0000038_note.pdf,d122fff84f373272129a85fc95321eb678fa34f375445fff27c709d4b42393f2
TR-0000038,mortgage,TR-0000038_mortgage.pdf,6ae7987d7a8bf07a9213b13d4239b6e4a04774b6a1947430d792500c8cb689e5
TR-0000038,title_policy,TR-0000038_title_policy.pdf,eff6fb6ea626a10fbb38156aa923d47e95fc6ea5c0d51b95886f10a23a8b8e56
TR-0000039,note,TR-0000039_note.pdf,6709dbb911b38d47538dfb61c3f85497a7eaf4dc530771a83792579682de1d8b
TR-0000039,mortgage,TR-0000039_mortgage.pdf,d90bcba318498e3d277d59e494d38a8a2eea7405f2084e6e171631bd6bee6b84
TR-0000039,title_policy,TR-0000039_title_policy.pdf,70d242a2378c6c2c62c99fe676ce18248fc74e2c0bab4279ba4e9d336485a23a
TR-0000040,note,TR-0000040_note.pdf,86d777277423e5abd5d5ee0e0347f5e0af0cd775a8d7c4efbd1ee8543392de8b
TR-0000040,mortgage,TR-0000040_mortgage.pdf,e4d41a63c9099453d02ae2ff04e91a1f0fb238692a72aeccb87c0ece1ab61fa0
TR-0000040,title_policy,TR-0000040_title_policy.pdf,707ab778999d2f71389c5cde3ff552ea190c37539e929a0de8c20f83fd864b38
TR-0000040,allonge,TR-0000040_allonge.pdf,4340972136659a6a5171ead13528dbc2b4bee476075b8dd9915aeb0121134ba8
TR-0000040,deferral_agreement,TR-0000040_deferral_agreement.pdf,a170c7179fffb9e5fc5827f236f60d963f5b0d7da00fc9c6aa315710f1a5d056
TR-0000041,note,TR-0000041_note.pdf,d2c444c4ec1bd579929fcb17e7adf87894a0465053d324ceebef4b05039b2fe8
TR-0000041,mortgage,TR-0000041_mortgage.pdf,5ffe8b15d59899f690bc2598c344f176febfa5da84f592f18380dc5c79009400
TR-0000041,title_policy,TR-0000041_title_policy.pdf,5f149c548a60726215072d3f141157e58985c29cf6b91477927bf5d83f1ba902
TR-0000041,allonge,TR-0000041_allonge.pdf,5225f38ffa27d35a79d4c2c11d6f4c97607ec82ab4448df465819adcddd1b745
TR-0000041,deferral_agreement,TR-0000041_deferral_agreement.pdf,c04a529f11c02dcb70090ef5eecfdab7eb90b74bd8c52894c2903bebfb522e96
TR-0000042,note,TR-0000042_note.pdf,e23ae427f55ce1aceda69418b636a7d983043f34d5fae0ca28fc0cf5619852b3
TR-0000042,mortgage,TR-0000042_mortgage.pdf,2734377df1227fcb39126571ebc4163ae114440535de8b11936cbf2a03949046
TR-0000042,title_policy,TR-0000042_title_policy.pdf,d194321d5308643dcf50a75a382cfcd6ad9a31363b1298538009b7c1025aa0cc
TR-0000043,note,TR-0000043_note.pdf,d1ca8174385426e9f514097dc22f453e1bc77c8d76b73acf3accfd796bfe9be7
TR-0000043,mortgage,TR-0000043_mortgage.pdf,26441d3d40073be5808248286a80685d35e52f74e4b521c55765f9fd1bb9c6d0
TR-0000043,title_policy,TR-0000043_title_policy.pdf,344814e0c97039c59b3be55ed097cb050a7b30d09c06335b5dfd438cffa22b83
TR-0000043,deferral_agreement,TR-0000043_deferral_agreement.pdf,0bafe7a3f3114093ca0db554a30bedc6929ac8926658cda6fd79971cc86d3d0e
TR-0000044,note,TR-0000044_note.pdf,bd6aad92f1284bdf11b1bb7f1e561e99b84013e18676592529872ab6a5f343f8
TR-0000044,mortgage,TR-0000044_mortgage.pdf,6271077b447394e7dfc0ef238f33dda7e8a687aabebeff6f6f62aaf8762cfa05
TR-0000044,title_policy,TR-0000044_title_policy.pdf,b403c83c98ab2eba4f3fd7c2bdc41f158c42de8b34b1788384f00f53587fdad5
TR-0000044,allonge,TR-0000044_allonge.pdf,ad6416af9cd902e6ad6df10f641cdb31dee251afe5661a1b8b1f4de90ab27f07
TR-0000045,note,TR-0000045_note.pdf,056b9eb306abb65cc2d44b7dda28b7aeb091a0298ed4458b4ad1c1e1556d13e7
TR-0000045,mortgage,TR-0000045_mortgage.pdf,835150344be866d488d7975ed2c3457c74762461a60b80fbeee1014a870f646f
TR-0000045,title_policy,TR-0000045_title_policy.pdf,e282aef3d3c9f89cd2d1c17fece105b9f49482ee87ee1af8d0f81397aae36d3d
TR-0000046,note,TR-0000046_note.pdf,9deecc66f346cd967f940952972499f26b40d86d664dc62485f8609e037519f7
TR-0000046,mortgage,TR-0000046_mortgage.pdf,68a73ca50016c4b6d96589cb0ae2fe229a23e1cafc2e415d5ad4168b188935f0
TR-0000046,title_policy,TR-0000046_title_policy.pdf,11b5ddd3d28cb5a79d6188848f505e29bb79de3003b2a360e725f925374e94ab
TR-0000047,note,TR-0000047_note.pdf,55a5a7e9d16c221396ecf683bae3200c146d736cb07cd57bfd90745f12d8ee99
TR-0000047,mortgage,TR-0000047_mortgage.pdf,67032f1bf9e5f83ce09e275fe7bbaeda20425bed85482179f8ee7ab8b9c27dd3
TR-0000047,title_policy,TR-0000047_title_policy.pdf,b63c53741cec5e8d7edfeecb5518f2474414a74f3e8bd5c01621fe7862ddd4dc
TR-0000048,note,TR-0000048_note.pdf,8ca4dda9c3ba15f82f60db9ef1f8b7dd389ef50c687c411f27e0f60e684ce120
TR-0000048,mortgage,TR-0000048_mortgage.pdf,bfbb817a5ec1536c21665347908cd1fdfcefcaca43dab45d810f7218b2afdc70
TR-0000048,title_policy,TR-0000048_title_policy.pdf,34dc827a00f024ed4007d3c8ca776b8b74922f59844c595fcdbe461988f7544f
TR-0000049,note,TR-0000049_note.pdf,1c0e755d5ab1970e659a440f11268d9670faaa2e6f8a5fd14b5176e01794f929
TR-0000049,mortgage,TR-0000049_mortgage.pdf,472bc18f5c8256d17c0e282ac9cdf56c19296bf52c0a1e6d07d6ed11bcd54b14
TR-0000049,title_policy,TR-0000049_title_policy.pdf,ee41251f59451e511a52d6e516b21d3c845c089d3f0635f6b7cf6e5bbc2e9e05
TR-0000049,allonge,TR-0000049_allonge.pdf,51512d2d186ff11ce5e25a18f030411c46714cf3b241733313e50bffd5622422
TR-0000050,note,TR-0000050_note.pdf,166bb794e3bea7ded6c5d8d65fd54d9dd8d5f305dff89c4ce8881de8c6e7a585
TR-0000050,mortgage,TR-0000050_mortgage.pdf,cd7e07116137c417a4e91192e7c036dc5491880b45ced3775226ae0a006279e5
TR-0000050,title_policy,TR-0000050_title_policy.pdf,213511afd7bdfa9d93a5bbc0c0112b68fd1eb5a316da111624114d50a5ad9d51
TR-0000051,note,TR-0000051_note.pdf,1980c7e27e71c27c166ab46b3d371f2f200c4c37b004c1516a756f6940d2d9f5
TR-0000051,mortgage,TR-0000051_mortgage.pdf,5661c7d49e5c84415b151182a65dea036cf6d243cd38bd3b25153978f0aa63b4
TR-0000051,title_policy,TR-0000051_title_policy.pdf,c302c68e66d722b79673e6943b42f8cfa0146fbb2ff0580b746b2af89fddc679
TR-0000052,note,TR-0000052_note.pdf,f5b0a0f5c998a0f268d739ae4beaa2716522aec197d46f070624b73810912c00
TR-0000052,mortgage,TR-0000052_mortgage.pdf,6b09d6896b1d022ba176d729698228aa14efc2a47724ab8ce5c08451990cfdeb
TR-0000052,title_policy,TR-0000052_title_policy.pdf,fa3acabdff4aa3d65283fc453f69cd98e2410b3a335dc45787b836634ee22487
TR-0000053,note,TR-0000053_note.pdf,100bc08cfa0ff75338ed485188b822c5a514ec6e240f7a39356c0ba8ac81521d
TR-0000053,mortgage,TR-0000053_mortgage.pdf,da0ee52e41f87b8c2822a0aed5e865e6ce38eb9931502a230f96614ad6145473
TR-0000053,title_policy,TR-0000053_title_policy.pdf,e6751b245f769beee49f1117b9f4153ba85ac7f20c14f134161800bd5794e69c
TR-0000054,note,TR-0000054_note.pdf,c221c48997c57b9a5f4342e063197db7ec20c37131acb1f3e6b5dd8c8b2d978c
TR-0000054,mortgage,TR-0000054_mortgage.pdf,37cb4f5cd2576f38bdded5699bce24a330437955aa74ebce0ac27bc1bb7a4c25
TR-0000054,title_policy,TR-0000054_title_policy.pdf,81d157dcea4dd8b3f1ceda98b08eba6b72ed432bb213db5f5fd9370386425b21
TR-0000055,note,TR-0000055_note.pdf,21a34714f1d117ef711e86c8b17cb7bc47217d6a3ee0a4143a9024da425d1953
TR-0000055,mortgage,TR-0000055_mortgage.pdf,3d21ccd5fc19a71a274a344cfe1d41d64a95412b40d2e2b40d6305890972a26e
TR-0000055,title_policy,TR-0000055_title_policy.pdf,727ddcb32261db5123af399f2c43c0eee825f089ea1d18f8851bc5a41d6157a2
TR-0000056,note,TR-0000056_note.pdf,33ce5862d2e0aa27d7fdef479ebe8595624b58fa39f9a0e0481d3fe3201ec795
TR-0000056,mortgage,TR-0000056_mortgage.pdf,fb78761b1064eae57894b4bf52e23f290f8cc3931b02a3474947c1f620ef47d9
TR-0000056,title_policy,TR-0000056_title_policy.pdf,eef00dd2176bf20ce57c5122d290c628859c5788e66ccb37b14ba837b84b8f67
TR-0000057,note,TR-0000057_note.pdf,9609fca5580b4f33ba3e619c12fc2edbfb6cd5441982e83c8be9c58c56a0e908
TR-0000057,mortgage,TR-0000057_mortgage.pdf,955774d5000de9ba963e5c7b63ed73c43810ac70c259d68cad7ff0cc9789ce7e
TR-0000057,title_policy,TR-0000057_title_policy.pdf,41321c27ec62094f22980a931efcd0cd0d05ca696cfab61bf2c815afeb6c0215
TR-0000058,note,TR-0000058_note.pdf,5255a683646b0f33059230fd2a7ccd70aed8478da0a55942459fe4845745a6c3
TR-0000058,mortgage,TR-0000058_mortgage.pdf,fcd5b0144e2509f92b0910619bf7a3983bf7e4f8c73235b74063df1379957d25
TR-0000058,title_policy,TR-0000058_title_policy.pdf,22fe8e945c3292044d2db0691a24f374e78074d9eb55fef660638567ade82f17
TR-0000059,note,TR-0000059_note.pdf,1a9358213573f56e9c2b264fb58503fd670d4af56d1a711d869fb5414e1f156c
TR-0000059,mortgage,TR-0000059_mortgage.pdf,a7822aab3316e5e58c97fdb9bbd53fee2d907ff46af1114cb17b33219f1bcd78
TR-0000059,title_policy,TR-0000059_title_policy.pdf,b48ca98d98de1371bc85cd6d9744e367a79121c2c0743e24fb9dfae9894b49eb
TR-0000060,note,TR-0000060_note.pdf,b0720db8471981d2bcf3368cebd1035719a045528d161159ec495484f3f45baa
TR-0000060,mortgage,TR-0000060_mortgage.pdf,f172dfe1cdb5c4f94b72dee07bfc9a4fd58b4236e18568f4f2bb170c1a00bfa2
TR-0000060,title_policy,TR-0000060_title_policy.pdf,416c38d7cc310a1a39d446e1b84b57eb6e6e2d8fe636dfe2549869108a9185e1
TR-0000061,note,TR-0000061_note.pdf,edf4d1bf2e3d8f207314136a312cfa163b31bfb2223361985da38e1b885457e1
TR-0000061,mortgage,TR-0000061_mortgage.pdf,8755f8f3f98af436041fc8d374ec5c7c0f7e4161a8657b9a83feda2ef72c407d
TR-0000061,title_policy,TR-0000061_title_policy.pdf,c2d2150cb9a2e8a82873f86eec2fc74b9987268b62d858841e4ece04128ba7a6
TR-0000061,allonge,TR-0000061_allonge.pdf,0bc7f90ae0e2deddce1debd94501db22aa1648450c8b73870faf9315d19374fe
TR-0000062,note,TR-0000062_note.pdf,25e9bca4e01fa48ead5dce7ded0c6151aa03beec81025e1777e87d59fd4cd068
TR-0000062,mortgage,TR-0000062_mortgage.pdf,99e19eac5cade8d7fe930278ea9c4f874b93145d8eb392d4375cfc1338dcdb1e
TR-0000062,title_policy,TR-0000062_title_policy.pdf,816ce0d01116cc9fefc4306ad55ee6f50ae4d10b116a2e722da78990787bd497
TR-0000062,allonge,TR-0000062_allonge.pdf,17a67a8e997d061b6336e302537b4ae5de6022b7504538a7c94fb4546c3e61db
TR-0000063,note,TR-0000063_note.pdf,729f112ce745c9eeac8c3d2c4c2f0445f432a881eb8193017b0d8f7a1e42856b
TR-0000063,mortgage,TR-0000063_mortgage.pdf,8f160a4312dfd09c36cc49f2655ecd6b08941fd2d81d6a93db3d9652a6d2b7d9
TR-0000063,title_policy,TR-0000063_title_policy.pdf,a24b214bd8dcfec56681e0869a7aba7f1dae4d902d0445478324bedc97151edc
TR-0000064,note,TR-0000064_note.pdf,9c5089d274c03d111dc66bb9c504620dd2cc791c8eac4178d3a2feb3d1eaaa15
TR-0000064,mortgage,TR-0000064_mortgage.pdf,5b1f8aea76b84c444e4fe2037e1c44b08dbad1ed4d4eb502bfe0a7059edee34c
TR-0000064,title_policy,TR-0000064_title_policy.pdf,99d105d7db46d562b666b18a58cbdbe30bb7e93f25013ee976d62c99f88d474f
TR-0000065,note,TR-0000065_note.pdf,4f57363763e90f803649ec4543b846cdf737eea3aea50f5cd38f27e0d21a3a6b
TR-0000065,mortgage,TR-0000065_mortgage.pdf,79e10c9893d8a13e85cce5574cd5d7988f14e60abd46ea8c461388b1c9098aad
TR-0000065,title_policy,TR-0000065_title_policy.pdf,6df030d1858c7ce4a2760431d4829ec2becb2d76b8b7a1caa531c704a5014f4f
TR-0000066,note,TR-0000066_note.pdf,1ea20347719bb06a111fd19054dd63b2ddf64944a98d94497d4bade39d43a540
TR-0000066,mortgage,TR-0000066_mortgage.pdf,8d070c11cd248f7fe71237e9fe8a77e98b7882436b84154fed13c4c208813d36
TR-0000066,title_policy,TR-0000066_title_policy.pdf,4fa8ec7ef9a7a2f632d2f6c3b56645593389c63aa491c90280088c38306a9138
TR-0000066,allonge,TR-0000066_allonge.pdf,2dc0b9e968f2571f6e15506f324d9bd82fbcbfcf2739fb3fc5a4a97ea000ce73
TR-0000067,note,TR-0000067_note.pdf,db06e68ed502c878b0d5438bc7e66b6ca15e6a689c1e769e24030dfb2c799d9c
TR-0000067,mortgage,TR-0000067_mortgage.pdf,667800053d898669a362b40c47487a3b3ecec95350d9467de1f7c619e55e933a
TR-0000067,title_policy,TR-0000067_title_policy.pdf,1443a1e108118cec56b056c98b187ddb868d99d191d2ff2184b73d250dd452b4
TR-0000068,note,TR-0000068_note.pdf,ae636bb9b6eedaa04af3c3c77e97983835d4b1a4288fad7b090c8d00e93c1240
TR-0000068,mortgage,TR-0000068_mortgage.pdf,8f0c266718db3561efe62a95842467437cda9843c155890d586fdacb1c96a388
TR-0000068,title_policy,TR-0000068_title_policy.pdf,c864d88e8c835e5857cf6ddb697f3bb1618a060dde0a71f0eb17e274f588e3d5
TR-0000069,note,TR-0000069_note.pdf,4e3a5a24cdbd8e7d1e67ae443e37ef81a2fe74509b1ccff73d7bce30a78274c0
TR-0000069,mortgage,TR-0000069_mortgage.pdf,3e8d850aa600aeb1763618d606061e3cea6ad4cae62051182263332cfef784af
TR-0000069,title_policy,TR-0000069_title_policy.pdf,eab876c381769d79c607e0e257b255f1514ab99cc8b5feb6ff8f20abeefd76c1
TR-0000070,note,TR-0000070_note.pdf,1dc595fc5103195ebf60a22eb562b1e1c634eaa5c9f6cbcdc2d66a3d3d960f1c
TR-0000070,mortgage,TR-0000070_mortgage.pdf,c0e9ec026c0d623b0571d0f5d257368a14e3908bba57b63ef0b45ee9ae6ba262
TR-0000070,title_policy,TR-0000070_title_policy.pdf,e1bef0b173d3b56ca231e901cf8f7e9e56a157cfa44f82482dccb617b080eac3
TR-0000071,note,TR-0000071_note.pdf,18bc4b144ca30a55b068808f78c0e8fda6697be5094945f9203a148a467f175d
TR-0000071,mortgage,TR-0000071_mortgage.pdf,e3d825b88dc393319abcde9995ca8b72679fa26d51001fd9b5ca10c1588567ce
TR-0000071,title_policy,TR-0000071_title_policy.pdf,b208330c6ebec6024ba1ecef66f17d6b52714992396ef6a2f0c268ea1e59dba6
TR-0000072,note,TR-0000072_note.pdf,f59fb610045bc6c43a8f745a2ddf81376fdbb82bca8e9ee4d380abb964ba1954
TR-0000072,mortgage,TR-0000072_mortgage.pdf,7d2d298088766e98360aaa357c4cac28f2e1ec7f735d3b215c219e060a605823
TR-0000072,title_policy,TR-0000072_title_policy.pdf,81d44a22c2422b4de93eefcf0bcdf8775e4a77c8cd7e9cf313ab644a648fb77f
TR-0000073,note,TR-0000073_note.pdf,88f7ec03ae40c76a6fc446b01c3c5e1dd71ae9a1cb533c7aa8cbac5c902c2138
TR-0000073,mortgage,TR-0000073_mortgage.pdf,5cebce7f04bf30b5c032325d184068b04f38b6d64995a3e1fe74c4c1788f7576
TR-0000073,title_policy,TR-0000073_title_policy.pdf,296e91e11d32d2a9fde4706131459296c3766135ffba7f16868db0221a59b586
TR-0000073,allonge,TR-0000073_allonge.pdf,10b7dd9d42086c265c640706f31cf51f6e91ba5f3ed51402a5e89b277f9c30d1
TR-0000074,note,TR-0000074_note.pdf,5803f3163a07f72009f8ac9f633a229a2f1cdc38d3bfc155c92067b4b59a9d60
TR-0000074,mortgage,TR-0000074_mortgage.pdf,b44ca0d3f08918945dab79fbaa731ea6e153f1534564c95634ffa0315e17628f
TR-0000074,title_policy,TR-0000074_title_policy.pdf,35915903665c40e7c2f0b497a5c94e5786b9a560235d3cb92b6fd6d94e0e0ee0
TR-0000075,note,TR-0000075_note.pdf,72fd77905e282952d72c6188b0f6343b7bb1c19273304ca5a753aa1b104890a1
TR-0000075,mortgage,TR-0000075_mortgage.pdf,0e28f47876b027dfcaaaf24e53b477e5a02b4b375ba79150fc885fc692c61cb4
TR-0000075,title_policy,TR-0000075_title_policy.pdf,591a4335f337d503a81799d363abd6ece1ba1530a7197e4106dc4f6d4abe7c99
TR-0000075,allonge,TR-0000075_allonge.pdf,832062f59a69cf0411f42ad0aefa14a3902c967c23efab12a0a88444db9cf961
TR-0000076,note,TR-0000076_note.pdf,97682f473ab3a95b6fc8027c695962667dbacd7583ad9a639d89d77d2c5284f7
TR-0000076,mortgage,TR-0000076_mortgage.pdf,597480773d291694e6ed5593f2ce5a875e7f7dd026f9a766f4852a1c115f93a6
TR-0000076,title_policy,TR-0000076_title_policy.pdf,4f6dcec24c65e1862cf317dcbcbdd68cf070bde94ca040a3afeeb5c59fbdda01
TR-0000077,note,TR-0000077_note.pdf,c015783fae2ae15afcba26cdd6dc7acf78f50f7b5b3666940b33d66f561e96a7
TR-0000077,mortgage,TR-0000077_mortgage.pdf,786a61a97ac52f9d09005af01e08941b655f8902765defd22be5ddfca133e99c
TR-0000077,title_policy,TR-0000077_title_policy.pdf,cdcb2fc3b48d916f2893a6b9ca5df971bddb39296d69e08211b4d202156c0868
TR-0000077,allonge,TR-0000077_allonge.pdf,7ecdccbed6f41f54cd2114a777dfa62d27e313ef8b8778d268eb5799861dc17c
TR-0000078,note,TR-0000078_note.pdf,8688ad45f0353454c3b490d6d26a90e24f96d0c2a7ddfe9e3748cbd235c15094
TR-0000078,mortgage,TR-0000078_mortgage.pdf,5c1d0f547f4e63e2e9cc33d39705e41704deb828387020486300427efe7105de
TR-0000078,title_policy,TR-0000078_title_policy.pdf,f2ff098cfa1f641491f02c3aa21edaf66ee0c8e736d8b4290f4f5079131f51d2
TR-0000079,note,TR-0000079_note.pdf,c59b051726643dbd897198dce3d59320dea842bd5d9a9f870d01af7ea0e9b5d3
TR-0000079,mortgage,TR-0000079_mortgage.pdf,8958f97c9dd9c144d298a60889bcb2374e163069246cb9fe3c1c8ed31bdf76f0
TR-0000079,title_policy,TR-0000079_title_policy.pdf,69ad73ca4d2a4ebfa413a46f3f2f5ddb54709d95a8e12ed22c3f5c137541b3c4
TR-0000080,note,TR-0000080_note.pdf,1699636181b88a257115e70cebf8e7fe3215673429e39f13bd50c9e96a2264a5
TR-0000080,mortgage,TR-0000080_mortgage.pdf,b4ea1d0bb26fa02c0ab2fdc8d389cb6b2216ebf61ce9c109529ee773525681b5
TR-0000080,title_policy,TR-0000080_title_policy.pdf,162671965067c45d62069cfdef1fde7dca9112225af6304dacbd8435968a2112
TR-0000081,note,TR-0000081_note.pdf,d65a64fd6b3ea3e342bd85ff0ca01c48b729ebe7d9ddb624d53e523ee2729dc9
TR-0000081,mortgage,TR-0000081_mortgage.pdf,fce0b3006fe6b42b1aff89ea72c3554b3df28abb79395fc1a88f9e1856c13810
TR-0000081,title_policy,TR-0000081_title_policy.pdf,858b5ee6cb333faffaff94c4ff6161ad8f38bbc0d4fab65ec1b5c16bded4d981
TR-0000082,note,TR-0000082_note.pdf,5e5dbf5b2a27327e2a74d2df02c5fb11092e756982226f034799316edb2a28ff
TR-0000082,mortgage,TR-0000082_mortgage.pdf,e59d9253e7e02d466a228b6c3825499918154c830ace64df70c7076e51729fcc
TR-0000082,title_policy,TR-0000082_title_policy.pdf,990d4be9e60a4986cc4209b6f74c2ace48d73620e91fc78a16ccf995662f67ab
TR-0000082,allonge,TR-0000082_allonge.pdf,86020f85e2cc78e8a6bff9a542b4626b6a294e4fdb919c682bfecae3391dc8fb
TR-0000083,note,TR-0000083_note.pdf,23074efb4e10851a737a72213f47b8cb79765b4e1d6da1244da7f4b7c86b9124
TR-0000083,mortgage,TR-0000083_mortgage.pdf,eebb5aff1accd79f1c210739320bd7b2855988771412be896c67941c9b614d18
TR-0000083,title_policy,TR-0000083_title_policy.pdf,f80b5dd6bbe9123263b92e63c0479970bb7eab5c4e68fcb27df28e6d708352db
TR-0000084,note,TR-0000084_note.pdf,bccb29fc1a53a791a0299a2eb79fb42dab74e9752451761607c69be9b19c8138
TR-0000084,mortgage,TR-0000084_mortgage.pdf,f95c2a6a83df8253aa2e1e66c832b682c732471ed83dee223f47847446ff97e7
TR-0000084,title_policy,TR-0000084_title_policy.pdf,db5ae0c9bd16a91f44b1c81e05a46a0b954cbf29917135a11bee9cbca4274a72
TR-0000084,allonge,TR-0000084_allonge.pdf,69ca6a15751ae4aa3dbbcd1f2195957b4326fce0fd57923ae9db4a9483b445bd
TR-0000085,note,TR-0000085_note.pdf,c72ee23e667e04fe8a3ea6fe18d5b2ea81e27505bc36644f43e8bc383f58496c
TR-0000085,mortgage,TR-0000085_mortgage.pdf,0d0866d33264e81c7d6b7efa979b8b823be53c983d9eb46883eb4c3c2d5c6ee5
TR-0000085,title_policy,TR-0000085_title_policy.pdf,f05ab56805052c1e31ff51353203f819aeec9b9a5e5b5ab713c4ff39321a7029
TR-0000086,note,TR-0000086_note.pdf,f987b47a692d98afe59c5f9a5017eabf7a2e18e5a0b1d2f5087196200c08dff4
TR-0000086,mortgage,TR-0000086_mortgage.pdf,b63ed3a39c0a33afcdb33561aa382860749be4a5a6c4395989acebc235088405
TR-0000086,title_policy,TR-0000086_title_policy.pdf,709e26f28d62b1f9857abc5ab9a6d2928e0dfe344bff380cc877dabd9688bcdb
TR-0000087,note,TR-0000087_note.pdf,9f0ea1ecb7f9fe0d686c695183b3a098bd14ba608a7d55d4a381fade89172866
TR-0000087,mortgage,TR-0000087_mortgage.pdf,44b4a22a416be641f7bd788f01c604da2c5eeb69790a7d024a84032ff34b1421
TR-0000087,title_policy,TR-0000087_title_policy.pdf,1eabe3c4230c7b7aa7dcedbebd7df5081e61a51518aa434a3fd22bf1a998bbbc
TR-0000088,note,TR-0000088_note.pdf,7d42d1b9a55b63851aa5f6edb75acc237609b1fa5969f5bfb92daba3bfc4fd67
TR-0000088,mortgage,TR-0000088_mortgage.pdf,061c94b6051d07e20552c764e28b9b1385e4d0b1a915b8d3bcc143b14f16ea29
TR-0000088,title_policy,TR-0000088_title_policy.pdf,dcb2ac2c6b6bcac74493bd83993cb1fc1a2a0f42bf98dfcafaae6c90ad911584
TR-0000088,allonge,TR-0000088_allonge.pdf,358f726d2d8776518a19b68e3a91ba1921cccf1415641e15ea2826a9a67d701c
TR-0000089,note,TR-0000089_note.pdf,1cc7206ab576b77ed709855290130b27a527f4b89b4560ca38bf0043e54d920c
TR-0000089,mortgage,TR-0000089_mortgage.pdf,4d7fdc5f09f2da07f747cb082c2d26bcc035b4bfc0b7a15c9606e5e60b63bae2
TR-0000089,title_policy,TR-0000089_title_policy.pdf,de0a6e95f3160b1a2176c11de436946718ac7eef75dff37821d6b720c21fed2a
TR-0000090,note,TR-0000090_note.pdf,4b66aab07832303e345ce6567eea96c379acf91bd180962e9d72413e5b199628
TR-0000090,mortgage,TR-0000090_mortgage.pdf,b2c914f99fbbf1256d0ea9ce39c0854f0436345ebabfeb749382262eb84509ff
TR-0000090,title_policy,TR-0000090_title_policy.pdf,d7eb8ebf5fc0a7f816b2145fd173bb5480e3a7375d74a3fff80d93b6643714a5
TR-0000091,note,TR-0000091_note.pdf,8500cf593fcc87f973afa9f2fc753f761c4e38837605e63d4cf6b43b08249d1b
TR-0000091,mortgage,TR-0000091_mortgage.pdf,d221f13538f5a91ad6ec65d032574674c05462914da2d22eed27d46f9df1b78c
TR-0000091,title_policy,TR-0000091_title_policy.pdf,319f9937fdce1849b0dd2e510062ac9cc348f7dd6dc9148698e5eaa1b71cb506
TR-0000092,note,TR-0000092_note.pdf,d5e2aa917f9d0300831a0399f573c5bdb8128c59b345bf1acbb899d6cc9f96ca
TR-0000092,mortgage,TR-0000092_mortgage.pdf,bc70475f30796d46dbd493bb9fc35a6a9e0efbaae4edb11ab33e6670bdfaf044
TR-0000092,title_policy,TR-0000092_title_policy.pdf,8289852df7f4b41203cfeec3b45f6086e7100b6ed040f736eceb1cb56428060f
TR-0000093,note,TR-0000093_note.pdf,8ed694f9b2c22410d0f67ec4d8c9931b2be1c8e12996043273325ea2e05e59c7
TR-0000093,mortgage,TR-0000093_mortgage.pdf,47938ba23985e952636a7922e2cb27c13d8a47a8e96e640cb7b19c4bbc523f1f
TR-0000093,title_policy,TR-0000093_title_policy.pdf,ca0ea7789dd28e39d2a44078b1d27d405158be1065dbf98341650d9f2b6f0996
TR-0000094,note,TR-0000094_note.pdf,55f9a571efa0e0accb3cf34a12b7eb3c06b95058bfd675d5a570193efa75a23c
TR-0000094,mortgage,TR-0000094_mortgage.pdf,e9618968c507d7707f780df3a877c6541b3527fec636de533e8c9e0d188f950b
TR-0000094,title_policy,TR-0000094_title_policy.pdf,9e70227492a62b743fc07d305013d55fc69e54064acba65d7a0a02ea7b217585
TR-0000095,note,TR-0000095_note.pdf,dc6612212ccac83b641a129eb81421136be7fd6146b7b7401f12286cf7fb5fe6
TR-0000095,mortgage,TR-0000095_mortgage.pdf,76e0cd1e62c219577605a412b1324833887713b9a7b33da2d6e9cf7f8c408960
TR-0000095,title_policy,TR-0000095_title_policy.pdf,f8cca65aa793a9d3e8abcee34f52f52223d84c1de0e7a4cab1c71add7cae0147
TR-0000096,note,TR-0000096_note.pdf,27816baf33d29c4e0db26ed7f416e43ab8e359089cfc77719924bad5032e273e
TR-0000096,mortgage,TR-0000096_mortgage.pdf,27e2c0b48f6f1efd39b89b537df97fec01e07f2e6246156f9b1d5d6b90880b0c
TR-0000096,title_policy,TR-0000096_title_policy.pdf,701443f7b45868d2f274c150008d35f05c18806748df62a3df1360f11a81e347
TR-0000097,note,TR-0000097_note.pdf,2ea8c8fb9d0d5b411383ec0561f74f53c841d397ec818712f4ff9f4dd6d4a2f7
TR-0000097,mortgage,TR-0000097_mortgage.pdf,a34ee18cc7aabc6a7890fccbf8ee1665e01a0b6b2ca9208ef461a6dd4b0cd219
TR-0000097,title_policy,TR-0000097_title_policy.pdf,49a42e24a5bbb5e3ad18275223e1603b9ecbc34f6bb96d90d6fbbd2ce58b4b35
TR-0000097,allonge,TR-0000097_allonge.pdf,6659bb4046152cf9be08da7f0ae24f2b941d4619cb504bd564944a2b23ba44a1
TR-0000098,note,TR-0000098_note.pdf,3923a115608e0595639f575249d4ce9e02dbc5028d77f76c3ddcc6b1bd3970ea
TR-0000098,mortgage,TR-0000098_mortgage.pdf,d1dab2d05dc6ec483ce44c0e1dbc37dc785d919819c626e06e1a91e1dfac3d6f
TR-0000098,title_policy,TR-0000098_title_policy.pdf,39d48eb6c28b0ea3473d91f2058d81b9c3f14bad97dc120cfa25118ef147e4fb
TR-0000099,note,TR-0000099_note.pdf,9c5c6a3845c1bb825faf3585e72dd142b86a48795dbb57f4ba69234830e1f3a8
TR-0000099,mortgage,TR-0000099_mortgage.pdf,10824461faf0129e6e527a31b3507e0a56ae330d720ddc6b8297d96f95173f92
TR-0000099,title_policy,TR-0000099_title_policy.pdf,8da3f80bf603e2395d2deedb6e6679fba7d21b2e5637bd0b890909e1f57cef90
TR-0000099,allonge,TR-0000099_allonge.pdf,1b6c2944b81054fdf3e47e85b2b406e75ccb5451bbc02e1c98c59ee2703c9624
TR-0000100,note,TR-0000100_note.pdf,81cf2afb59ef6550450d39109b17d654c88cbb8a282d5a6bc8fc7a45586d1552
TR-0000100,mortgage,TR-0000100_mortgage.pdf,f91fe1fbc308f4cfaa5651f3e170d71f5081f5b7621e07e5b1a86cdab8a694af
TR-0000100,title_policy,TR-0000100_title_policy.pdf,fbf646bdc48af7e75b76617282f68973c0b29b7ca57d574545c6e0396d110498
